;ward;turnout_98;inperson;phone;inperson_rand;phone_rand;age;maj_party;turnout_96
14210;15;1;0;0;1;0;54;0;1
6818;25;0;0;0;1;0;45;0;0
5039;4;0;0;0;1;0;72;1;1
20246;17;0;0;0;1;0;28;1;1
399;17;0;0;0;1;0;30;0;0
4152;26;0;0;0;1;0;30;1;0
20242;17;0;0;0;1;0;59;0;0
13269;15;0;0;0;1;0;27;1;0
21206;25;0;0;0;1;0;25;0;1
13117;4;1;0;0;1;0;82;1;1
2525;27;1;0;0;1;0;81;0;1
14308;5;0;0;0;1;0;21;0;0
4530;4;1;0;0;1;0;58;1;1
7049;17;0;0;0;1;0;36;0;1
10617;27;1;0;0;1;0;33;1;1
22970;18;1;0;0;1;0;27;1;1
9500;12;0;0;0;1;0;42;0;1
14324;5;1;0;0;1;0;26;1;1
7700;2;0;0;0;1;0;21;1;0
14093;12;1;0;0;1;1;50;1;1
85;25;1;0;0;1;0;74;0;1
13537;2;0;0;0;1;0;23;1;0
22881;17;0;0;0;1;0;36;0;0
19458;3;0;0;0;1;0;42;0;0
19556;3;1;0;0;1;0;63;1;0
768;20;1;0;0;1;1;34;1;1
12210;2;0;0;0;1;0;23;1;0
741;25;1;0;0;1;0;50;0;0
14115;12;0;0;0;1;0;56;1;1
333;4;0;0;0;1;0;43;1;0
10941;30;0;0;0;1;0;66;1;1
17329;27;0;0;0;1;1;44;0;0
21556;12;1;0;0;1;0;41;0;1
10783;22;1;1;0;1;0;36;1;0
21489;25;0;0;0;1;0;30;0;1
20419;17;0;0;0;1;0;28;0;0
11546;24;1;1;0;1;0;39;0;1
7273;25;1;0;0;1;0;28;1;0
20276;17;1;0;0;1;0;44;1;1
4356;27;0;0;0;1;0;46;1;0
11238;3;1;0;0;1;0;33;1;0
2030;17;1;0;0;1;0;49;1;0
20321;18;0;0;0;1;0;55;1;0
3056;17;1;0;0;1;0;71;1;1
18685;21;0;0;0;1;0;33;0;0
7609;2;0;0;0;1;0;31;1;0
2810;25;0;0;0;1;0;34;1;0
9208;15;0;0;0;1;0;42;0;1
2502;27;0;0;0;1;0;23;0;0
4700;21;0;0;0;1;1;32;1;0
2707;25;0;0;0;1;0;34;1;0
10830;7;0;0;0;1;0;52;0;0
18560;28;0;0;0;1;0;19;0;0
15702;13;0;0;0;1;0;31;0;0
8629;17;0;0;0;1;0;28;1;0
2667;2;0;0;0;1;0;24;1;0
11272;3;0;0;0;1;0;47;1;0
2586;17;1;0;0;1;0;31;1;1
3653;4;0;0;0;1;0;33;1;0
3039;15;1;0;0;1;0;21;1;0
720;25;0;0;0;1;0;30;0;1
16062;12;0;0;0;1;0;85;1;0
17979;19;0;0;0;1;0;37;1;0
19546;3;1;0;0;1;0;69;1;1
15739;27;0;0;0;1;1;32;1;0
7419;28;1;0;0;1;0;83;0;1
12336;26;0;0;0;1;0;93;0;1
322;4;0;0;0;1;0;44;1;1
5219;7;0;0;0;1;0;34;1;1
16216;24;0;0;0;1;0;33;1;0
17339;26;1;0;0;1;0;44;1;1
12944;18;1;0;0;1;0;80;1;1
296;26;0;0;0;1;1;24;1;0
12784;13;1;0;0;1;0;NA;1;1
17174;13;0;0;0;1;0;64;0;1
21394;25;0;0;0;1;0;31;1;0
1966;24;0;0;0;1;1;30;0;0
19323;26;0;0;0;1;0;67;1;0
11304;3;0;0;0;1;0;55;1;0
16469;16;0;0;0;1;0;49;1;0
839;20;0;0;0;1;0;33;1;0
22948;18;1;0;0;1;0;60;0;1
11969;15;1;0;0;1;0;52;1;0
10796;21;1;0;0;1;0;61;1;0
13665;15;0;0;0;1;0;31;1;0
12574;27;1;1;0;1;0;84;1;1
2660;7;0;0;0;1;0;51;1;0
3677;4;0;0;0;1;0;50;1;0
11877;17;1;0;0;1;0;72;1;1
10923;17;0;0;0;1;0;48;0;1
2564;17;1;0;0;1;0;25;1;1
5217;7;1;0;0;1;0;53;1;1
22044;19;1;0;0;1;0;57;1;1
11318;3;0;0;0;1;0;63;1;1
6183;11;0;0;0;1;0;88;1;0
1617;22;1;0;0;1;0;90;1;1
1592;22;1;0;0;1;0;79;1;1
3729;26;1;0;0;1;0;39;1;0
7492;2;1;0;0;1;0;81;1;0
8984;27;0;0;0;1;0;30;1;0
21185;25;1;0;0;1;1;77;0;1
13698;15;0;0;0;1;0;46;1;0
13289;15;0;0;0;1;0;35;0;1
22084;19;0;0;0;1;0;32;0;1
22614;24;1;1;0;1;0;91;1;1
4290;27;0;0;0;1;1;26;1;0
7734;24;1;0;0;1;0;67;1;0
11761;19;0;0;0;1;0;26;1;0
20218;17;1;0;0;1;0;79;1;1
16379;5;0;0;0;1;0;26;0;0
11308;3;1;0;0;1;0;57;1;0
11051;24;1;0;0;1;0;50;1;1
2785;7;0;0;0;1;0;52;1;1
17221;13;1;0;0;1;0;29;1;0
22827;18;1;0;0;1;0;49;1;1
3605;18;0;0;0;1;0;85;0;1
16214;24;1;0;0;1;0;25;0;0
7506;2;0;0;0;1;0;25;1;0
14300;5;0;0;0;1;0;57;1;0
14941;17;0;0;0;1;0;29;0;0
11315;3;0;0;0;1;0;59;1;0
2009;25;1;0;0;1;0;50;1;1
20212;17;0;0;0;1;0;38;1;1
9521;12;1;0;0;1;0;33;0;0
21182;25;1;0;0;1;0;84;0;1
17142;13;0;0;0;1;0;40;0;0
6883;24;1;0;0;1;0;70;1;0
18590;24;0;0;0;1;0;56;0;0
18924;22;0;0;0;1;0;45;0;0
15725;27;0;0;0;1;0;83;1;1
6664;2;1;0;0;1;0;20;0;0
1888;30;0;0;0;1;0;41;1;0
19502;3;0;0;0;1;0;74;1;1
21518;12;0;0;0;1;0;35;1;0
18866;30;0;0;0;1;0;41;1;0
5101;7;1;1;0;1;0;64;1;1
12123;26;1;0;0;1;0;86;1;1
13311;30;0;0;0;1;0;27;1;0
16080;15;1;0;0;1;1;75;0;1
21578;24;1;0;0;1;0;71;1;0
8002;16;0;0;0;1;1;81;1;1
17981;19;0;0;0;1;0;59;0;1
6191;11;0;0;0;1;0;83;1;0
18053;16;1;0;0;1;0;43;1;1
21927;19;1;0;0;1;0;58;1;0
11198;3;0;0;0;1;0;45;1;1
12839;13;0;0;0;1;0;41;1;0
604;19;1;0;0;1;0;82;1;1
16848;13;0;0;0;1;1;53;1;1
18834;30;1;0;0;1;0;32;1;0
22422;22;1;0;0;1;0;40;1;0
15609;21;0;1;0;1;0;21;1;0
22435;21;1;0;0;1;0;55;0;1
11293;3;0;0;0;1;0;82;1;1
11737;17;1;0;0;1;0;54;1;1
12454;5;0;0;0;1;0;30;1;0
951;28;0;0;0;1;0;46;1;1
7765;25;0;0;0;1;0;100;1;1
6670;2;0;0;0;1;0;25;0;1
16143;15;0;0;0;1;0;50;1;0
17166;13;0;0;0;1;0;27;0;1
20107;18;1;0;0;1;0;77;1;0
1616;22;1;0;0;1;0;75;1;1
9678;7;1;1;0;1;0;60;1;1
9310;4;0;0;0;1;0;33;0;0
2913;7;0;0;0;1;0;29;1;0
19479;3;0;0;0;1;0;35;1;0
2045;17;1;0;0;1;0;47;1;1
21555;12;0;0;0;1;0;21;0;0
6673;2;0;0;0;1;0;48;1;0
3264;13;1;0;0;1;0;47;1;1
13792;19;0;0;0;1;0;20;0;0
4360;27;1;0;0;1;0;64;1;0
4664;21;0;0;0;1;0;46;1;0
20264;17;1;0;0;1;0;70;1;1
19704;21;0;0;0;1;1;28;1;0
7418;28;1;0;0;1;0;84;1;1
20999;20;1;0;1;1;1;58;1;1
20739;30;0;0;0;1;0;65;0;1
4053;12;0;0;1;1;1;54;0;0
1581;22;1;0;0;1;0;83;1;1
9556;13;0;0;0;1;0;45;0;0
8994;25;0;0;0;1;0;59;1;0
22933;17;0;0;0;1;0;45;1;0
18832;18;0;0;0;1;1;67;1;1
8179;29;1;1;0;1;0;70;0;0
3169;8;0;0;0;1;0;32;0;1
17521;13;1;0;0;1;0;35;1;1
13391;15;1;0;0;1;0;49;1;1
6457;11;1;1;0;1;0;85;1;1
18843;30;0;0;0;1;0;26;0;0
7954;10;0;0;0;1;0;45;1;0
5067;12;0;0;0;1;0;51;0;0
12782;13;0;1;0;1;0;45;1;0
15285;7;1;1;0;1;0;56;0;0
16717;19;0;0;0;1;0;27;0;1
22325;10;0;0;0;1;0;29;1;0
10828;7;1;0;0;1;0;63;0;0
16575;23;0;0;0;1;0;91;1;0
6367;11;0;0;0;1;0;85;1;0
4859;21;1;1;0;1;0;39;1;0
13112;4;1;1;0;1;0;68;1;1
17162;11;0;1;0;1;0;22;0;0
9885;2;0;0;0;1;0;50;1;0
15544;2;0;1;0;1;0;41;1;0
6369;11;1;1;0;1;0;81;1;1
6196;11;0;1;0;1;0;63;1;0
6026;11;0;0;0;1;0;90;1;0
10599;17;0;0;1;1;1;90;1;0
11432;7;1;1;0;1;0;44;1;0
664;12;0;1;0;1;0;41;0;0
19605;17;1;0;0;1;0;67;0;1
14791;28;1;1;0;1;0;31;0;1
6022;11;0;0;0;1;0;90;0;0
8025;16;1;0;0;1;0;76;1;0
17866;11;0;0;0;1;0;48;0;0
22909;17;0;0;0;1;0;35;0;0
9027;26;1;0;1;1;1;96;1;1
8599;29;0;0;0;1;0;36;0;0
12908;6;0;0;0;1;0;39;1;0
23007;17;0;0;0;1;0;30;1;0
20087;18;0;0;0;1;0;95;1;1
1711;30;1;1;0;1;0;79;1;1
9972;16;1;0;0;1;0;59;1;0
22692;28;0;0;0;1;0;35;0;0
4109;7;1;0;0;1;1;26;0;0
21849;4;0;0;0;1;0;40;1;0
15259;9;1;0;0;1;0;34;1;1
17684;5;0;0;0;1;0;47;1;0
9373;8;0;0;0;1;0;21;0;0
22421;22;1;1;0;1;0;28;1;0
12867;6;0;0;0;1;1;54;1;1
14956;17;1;0;0;1;0;78;1;1
22271;10;0;0;0;1;0;36;1;0
8794;10;1;0;0;1;0;33;1;1
19231;8;0;0;0;1;0;31;0;0
20695;27;0;0;0;1;0;44;1;1
17548;30;0;0;0;1;0;75;1;0
5482;11;0;0;0;1;0;21;1;0
9969;14;0;0;0;1;0;48;1;1
5661;11;0;0;0;1;0;74;1;0
9942;10;0;1;0;1;0;38;0;1
5223;2;1;0;0;1;0;49;1;0
17385;20;0;0;0;1;0;34;1;0
2194;19;1;0;0;1;1;39;0;0
4990;12;1;0;0;1;0;36;1;0
1691;30;1;0;0;1;0;72;1;1
7186;29;0;1;0;1;0;32;0;0
4366;18;0;0;0;1;0;79;1;1
4903;12;0;0;0;1;0;20;0;1
20548;30;0;1;0;1;0;49;0;1
8385;15;0;0;0;1;1;54;1;1
15824;7;1;0;0;1;0;54;1;1
16140;12;1;0;0;1;0;61;1;0
8924;27;1;0;0;1;0;33;0;1
2927;8;0;0;0;1;0;29;1;1
11014;24;1;0;1;1;1;37;0;0
17200;13;1;0;0;1;0;33;1;1
19054;29;1;0;0;1;0;65;1;1
9826;27;1;1;0;1;0;40;1;1
22516;22;1;1;0;1;0;31;1;1
14389;12;1;0;0;1;0;76;0;0
8851;27;0;1;0;1;0;33;0;0
5274;27;0;0;0;1;0;26;0;0
10144;27;0;1;0;1;0;35;0;0
11843;18;1;1;0;1;0;81;1;1
4644;21;0;0;0;1;0;30;1;1
6528;11;1;1;0;1;0;80;0;1
8318;15;0;0;0;1;0;39;1;1
15055;8;1;0;0;1;0;37;0;1
16258;14;0;0;0;1;0;33;1;0
1130;8;0;0;0;1;0;26;0;1
21712;27;1;0;0;1;0;84;0;1
17945;8;0;0;0;1;0;33;0;1
13614;15;0;0;0;1;0;43;1;0
16808;4;0;0;0;1;0;56;1;0
1473;14;1;0;0;1;0;26;0;1
16058;12;0;1;0;1;0;49;1;0
9365;8;0;1;0;1;0;18;0;0
10219;6;0;0;0;1;0;32;1;0
4940;20;0;0;0;1;0;82;1;1
7967;14;1;0;0;1;0;41;1;0
5883;11;1;1;0;1;0;80;1;1
23263;7;1;1;0;1;0;50;1;1
19805;6;1;0;0;1;0;NA;1;1
19683;21;1;1;0;1;0;59;1;0
6286;11;1;1;0;1;0;86;1;1
10939;30;0;0;0;1;0;85;1;1
529;12;0;1;0;1;0;45;1;0
7978;14;0;0;0;1;1;31;1;0
18862;30;0;0;0;1;0;25;1;0
12218;5;0;0;0;1;0;42;1;0
6854;2;0;1;0;1;1;59;1;1
15142;10;1;0;0;1;0;50;0;1
17322;27;0;0;0;1;0;86;0;1
6711;24;1;0;0;1;0;62;0;1
20611;27;0;0;0;1;0;31;1;1
477;14;0;0;0;1;0;26;1;0
12180;23;1;1;0;1;0;64;1;1
5729;11;0;1;0;1;0;79;0;0
1385;12;0;0;0;1;0;43;1;0
2970;22;1;0;0;1;0;56;1;1
7122;20;0;0;0;1;0;26;1;0
10463;6;1;0;0;1;0;64;0;1
6783;24;0;0;0;1;0;24;1;0
7529;24;0;0;0;1;0;34;1;0
8171;29;1;0;0;1;0;79;1;1
9351;8;0;0;0;1;1;25;0;1
12945;18;1;0;0;1;0;60;0;1
21750;27;1;1;0;1;0;38;1;1
110;25;1;1;0;1;0;35;0;1
4473;23;0;1;0;1;0;87;0;1
15456;10;1;0;0;1;0;46;0;1
18694;20;1;0;0;1;0;75;1;1
9;8;0;0;0;1;0;33;1;1
22657;28;0;1;0;1;0;36;1;0
19892;6;0;0;0;1;0;86;1;0
7694;2;1;0;0;1;0;27;0;1
18807;22;0;0;0;1;0;36;1;0
13843;24;1;0;0;1;0;68;1;0
22503;22;0;0;0;1;0;43;1;0
12794;13;0;1;0;1;0;27;1;0
18840;30;0;0;0;1;0;45;1;0
17265;13;1;0;0;1;1;27;1;1
20984;5;1;1;0;1;0;76;1;0
3855;21;0;1;0;1;0;21;0;0
7250;29;1;1;0;1;0;89;1;1
15144;9;0;0;0;1;0;58;0;0
15698;29;0;1;0;1;0;40;1;0
1163;29;0;1;0;1;0;34;1;0
21746;27;1;0;1;1;1;47;1;1
13316;30;0;0;0;1;0;33;1;0
8756;9;0;0;0;1;0;28;1;0
13756;22;0;0;0;1;0;27;1;0
15191;10;1;0;0;1;0;71;1;1
8114;17;1;0;0;1;0;54;1;0
14041;9;0;0;0;1;0;35;0;0
417;22;0;1;0;1;0;46;1;0
21691;29;0;1;0;1;0;33;1;0
3312;14;1;1;0;1;0;55;1;1
45;4;1;0;0;1;1;46;1;0
5025;15;1;0;0;1;0;29;1;0
5778;11;1;1;0;1;0;70;1;1
16336;14;1;0;0;1;0;60;0;1
10001;15;0;0;0;1;0;39;1;0
17758;15;0;0;0;1;0;34;0;1
12455;5;1;0;0;1;0;35;1;0
6431;11;1;0;0;1;0;88;1;1
313;4;0;0;0;1;1;65;1;0
16147;15;1;1;0;1;0;38;1;0
5197;23;0;0;0;1;1;27;1;1
3456;7;0;0;0;1;0;26;0;1
8156;29;0;0;0;1;0;21;1;1
6401;11;1;0;0;1;0;76;1;1
9861;2;1;1;0;1;0;33;1;0
9518;12;0;1;0;1;0;27;0;0
7054;17;1;0;0;1;0;76;1;0
17229;12;0;1;0;1;0;41;1;0
8522;15;0;0;0;1;0;38;0;0
6121;11;0;0;0;1;0;68;1;0
975;28;1;0;0;1;0;45;1;1
8456;14;1;0;0;1;0;51;0;1
4419;23;1;1;0;1;0;79;1;1
14177;23;0;0;0;1;0;70;0;1
14342;18;0;0;0;1;0;78;1;0
1721;30;0;0;0;1;0;77;1;0
4698;19;1;0;0;1;1;19;1;0
10042;14;1;1;0;1;0;84;1;1
22515;19;1;0;0;1;0;36;1;0
13139;10;1;0;0;1;0;33;1;1
16635;4;0;1;0;1;0;33;1;0
5428;8;0;0;0;1;0;49;0;0
6701;24;0;0;0;1;0;42;1;0
1425;17;1;1;0;1;0;74;1;1
6072;11;1;1;1;1;1;80;1;1
8499;16;0;0;0;1;0;36;1;1
15748;13;0;0;0;1;0;33;1;0
22781;16;0;0;0;1;0;31;1;0
14250;15;1;1;0;1;0;50;1;1
10302;18;0;0;0;1;0;34;0;1
10516;29;1;1;0;1;0;71;1;1
19383;18;1;0;0;1;0;70;1;1
19269;3;0;1;0;1;0;41;1;1
15420;9;0;1;0;1;0;77;0;0
20372;4;0;0;0;1;0;24;0;1
23368;7;0;0;0;1;0;26;0;1
18697;20;0;1;0;1;1;84;1;0
15933;2;0;0;0;1;0;22;1;0
4513;26;0;0;0;1;0;27;0;0
5957;11;1;1;0;1;0;88;1;1
11910;21;1;1;0;1;0;76;1;1
11295;3;0;0;0;1;0;40;0;0
15474;9;0;1;0;1;0;88;1;1
9621;23;0;1;0;1;0;34;1;0
13535;2;0;0;0;1;0;22;1;0
7605;2;0;0;0;1;0;31;1;0
192;18;0;0;0;1;0;52;1;0
8462;15;0;1;0;1;0;66;0;1
21798;27;0;0;0;1;0;53;0;0
3439;7;1;0;0;1;0;24;1;0
10746;11;0;1;0;1;0;34;0;0
14465;18;1;0;0;1;0;45;1;1
10170;8;1;0;0;1;0;39;1;1
7708;2;0;1;0;1;0;68;1;0
4949;20;0;1;0;1;0;22;1;0
14936;12;0;0;0;1;0;37;1;0
11755;19;1;0;0;1;0;54;1;0
9327;4;0;1;0;1;1;64;1;1
17425;25;0;0;0;1;0;81;1;1
8862;27;0;0;0;1;0;68;1;1
6269;11;0;1;0;1;0;85;1;0
16934;13;1;0;0;1;0;36;1;0
5009;12;0;0;0;1;0;29;1;0
6095;11;1;1;0;1;0;100;1;1
17448;14;1;0;0;1;0;39;0;0
3926;21;0;1;0;1;0;61;1;1
4942;20;1;0;0;1;1;39;1;0
20928;13;1;0;0;1;0;55;1;0
5858;11;0;1;0;1;0;69;0;0
16303;14;0;0;0;1;0;28;0;1
7650;2;0;0;0;1;0;27;1;0
8476;15;1;1;0;1;0;57;0;1
20105;18;0;1;0;1;0;73;0;1
6125;11;1;1;0;1;0;88;1;1
6441;11;1;1;0;1;0;73;1;1
293;26;0;0;0;1;0;84;1;1
17293;11;1;1;0;1;0;78;1;0
6839;24;0;0;0;1;0;20;1;0
6958;9;0;0;0;1;0;28;1;0
16321;15;0;0;0;1;0;31;0;0
6306;11;1;1;0;1;0;79;0;1
6804;2;0;0;0;1;0;47;1;0
21561;12;0;0;0;1;0;35;1;1
10384;3;0;1;0;1;0;36;0;0
20469;6;0;0;0;1;0;78;1;0
19905;6;1;0;0;1;0;72;1;1
12993;20;1;1;0;1;0;59;1;0
12991;20;0;1;0;1;0;53;1;1
860;17;0;1;0;1;0;47;1;0
2773;24;1;0;0;1;0;47;1;1
8134;17;0;0;0;1;0;87;1;1
8130;17;0;0;0;1;0;88;1;1
6334;11;0;0;0;1;0;81;1;0
23327;7;1;0;0;1;0;61;0;0
1758;30;0;0;0;1;0;43;1;0
1901;30;0;0;0;1;1;30;1;0
11144;6;0;1;0;1;0;35;1;0
5181;2;0;0;0;1;0;24;1;1
16528;15;0;0;0;1;0;77;1;0
5746;11;1;1;0;1;0;58;1;1
22021;9;1;0;0;1;0;35;1;1
6041;11;1;0;0;1;0;79;1;1
1067;8;0;0;0;1;0;36;0;0
22600;24;0;0;0;1;0;39;1;0
17539;10;0;0;0;1;0;36;1;0
5596;11;0;0;0;1;0;31;0;0
9506;12;1;1;0;1;0;54;0;1
21826;28;1;1;0;1;0;41;0;1
1718;30;1;1;0;1;1;47;1;1
15875;7;0;1;0;1;0;80;1;0
11594;28;1;0;0;1;0;41;1;0
3155;8;0;0;0;1;1;45;1;0
21919;10;0;0;0;1;0;36;1;1
10960;30;0;0;0;1;0;39;1;0
21116;22;1;0;0;1;0;62;1;1
5819;11;1;1;0;1;0;86;1;1
1233;29;0;0;0;1;0;63;1;1
1699;30;0;0;0;1;0;79;1;0
9333;8;0;0;0;1;0;27;0;0
1827;30;1;0;0;1;0;41;0;0
14151;12;1;1;0;1;0;66;0;1
6361;11;0;0;0;1;0;81;1;0
1426;17;0;0;0;1;0;46;1;1
2889;8;0;0;0;1;0;28;0;0
10496;29;0;1;0;1;0;NA;1;1
4386;6;0;0;0;1;0;33;1;0
29;4;1;1;0;1;0;78;1;1
1281;16;0;1;0;1;0;38;1;0
1865;30;0;1;0;1;0;26;1;0
22939;17;1;0;0;1;0;64;1;1
14269;18;1;0;0;1;0;83;1;1
9257;11;0;0;0;1;0;65;1;0
7051;17;0;0;0;1;0;21;0;0
21983;10;0;0;0;1;0;33;1;0
8451;14;1;0;0;1;0;79;0;1
14926;12;1;0;0;1;0;76;0;1
19182;10;0;0;0;1;0;86;0;1
3057;17;1;1;0;1;0;86;1;0
19275;3;0;0;0;1;0;86;0;0
22092;26;0;0;0;1;0;37;1;0
7083;17;1;1;0;1;0;71;1;1
2590;17;1;1;1;1;1;69;1;1
16773;19;0;0;0;1;0;35;1;0
6209;11;1;1;0;1;0;75;0;1
14260;18;0;0;0;1;0;NA;1;0
13624;15;0;0;0;1;0;38;1;1
8533;15;1;1;0;1;0;27;1;0
13469;15;0;0;0;1;0;35;1;1
14062;9;0;0;0;1;0;28;1;0
5357;27;0;0;0;1;0;26;0;0
12140;26;0;1;0;1;0;74;0;1
11716;17;0;0;0;1;0;92;1;0
18703;21;0;0;0;1;0;23;1;0
17381;20;0;1;0;1;0;39;1;0
6549;11;1;1;0;1;0;84;1;1
12656;23;1;0;0;1;0;67;1;1
6187;11;0;1;0;1;0;76;1;0
5976;11;1;0;0;1;0;71;1;1
10098;8;0;0;0;1;1;42;0;0
10439;8;0;1;0;1;0;24;1;0
4242;3;0;0;0;1;0;30;1;0
8624;17;0;0;0;1;0;47;1;0
1268;27;0;0;0;1;0;54;1;0
18833;18;0;0;0;1;0;80;1;1
1803;30;0;1;0;1;0;35;1;1
7108;20;0;1;0;1;0;20;1;0
13893;15;1;1;0;1;0;34;1;0
14076;12;1;1;0;1;0;57;1;1
6400;11;0;0;0;1;0;59;1;0
14736;22;0;0;0;1;0;74;1;0
15631;21;0;0;0;1;0;26;1;0
14490;9;0;0;0;1;0;29;1;0
14277;18;1;0;0;1;0;NA;1;1
6626;11;0;1;0;1;0;59;1;0
23380;7;0;1;0;1;1;25;0;1
541;14;1;0;0;1;0;47;1;1
5610;11;1;0;0;1;0;71;0;1
4916;12;0;0;0;1;0;61;1;0
17277;13;1;0;0;1;0;71;1;1
8889;26;0;0;0;1;0;81;1;0
2184;10;0;0;0;1;0;46;1;1
7939;10;1;0;0;1;0;45;1;1
13857;24;0;0;0;1;0;33;1;0
11141;6;0;1;0;1;0;34;0;0
11132;6;0;0;0;1;0;39;1;0
1692;30;1;0;0;1;0;52;1;0
9785;12;0;1;0;1;0;52;0;0
14782;28;0;0;0;1;1;57;0;1
3980;7;0;1;0;1;0;45;0;0
16425;20;1;1;0;1;0;47;1;1
22866;17;0;0;0;1;0;40;1;1
20701;27;0;0;0;1;0;76;1;0
6025;11;0;0;0;1;0;75;0;0
15935;2;0;0;0;1;0;22;1;0
23388;7;1;1;0;1;0;68;1;1
8138;17;0;0;0;1;0;84;1;0
17640;11;0;0;0;1;0;52;1;1
6461;11;1;0;0;1;0;84;1;1
22977;17;0;1;0;1;1;86;1;0
18493;23;0;1;0;1;1;46;1;0
2113;4;1;1;0;1;0;35;1;0
8315;15;0;0;0;1;0;23;1;0
22279;10;0;0;0;1;0;52;1;0
491;14;1;0;0;1;1;34;1;1
9609;23;0;1;0;1;0;73;1;1
15497;9;0;0;0;1;0;89;1;0
18569;23;0;0;0;1;0;22;0;0
9893;28;0;0;0;1;0;78;1;1
21764;27;1;0;0;1;0;39;1;1
17428;10;0;0;0;1;0;22;0;1
9446;14;1;1;0;1;0;34;1;0
7002;17;0;0;0;1;0;NA;1;1
21326;25;1;1;0;1;0;72;0;1
18496;23;1;0;0;1;0;46;1;1
21783;27;0;0;0;1;0;47;1;0
13464;14;0;0;0;1;0;39;1;0
20713;3;0;0;0;1;0;26;0;0
5907;11;0;0;0;1;0;87;1;0
16745;19;0;0;0;1;0;27;0;1
7597;24;1;0;0;1;0;53;1;1
14831;28;1;1;0;1;0;85;1;1
5513;13;1;0;0;1;0;70;0;1
19433;13;0;0;0;1;0;NA;1;0
2039;17;1;1;0;1;0;79;1;1
2823;7;0;0;0;1;0;22;0;1
6017;11;1;1;0;1;0;76;1;1
14;8;0;1;1;1;1;34;1;0
11401;2;1;0;0;1;0;38;1;1
2445;25;1;1;0;1;0;56;0;1
11263;6;0;0;0;1;0;27;1;1
19271;3;1;1;0;1;0;36;1;0
23365;7;0;1;0;1;0;38;0;0
10740;11;0;0;0;1;0;27;1;0
5424;9;0;0;0;1;0;37;0;0
6130;11;0;0;0;1;0;85;1;0
13;8;1;0;0;1;0;33;1;1
15493;9;0;0;0;1;0;48;1;0
3113;6;1;0;0;1;0;71;1;1
20909;8;1;0;0;1;0;74;1;1
6089;11;1;1;0;1;0;76;1;1
13114;4;1;1;0;1;0;32;1;0
5826;11;1;1;0;1;0;75;1;1
7091;17;0;0;0;1;0;86;1;0
19980;6;0;0;0;1;0;96;1;1
18386;21;1;1;0;1;0;68;1;1
19804;6;0;0;0;1;0;81;1;1
15600;21;0;0;0;1;0;37;1;0
5177;2;0;0;0;1;0;33;0;0
6182;11;1;1;0;1;0;83;1;1
22944;18;1;1;0;1;0;59;1;1
17936;8;0;0;0;1;0;28;0;0
4843;21;0;0;0;1;1;23;0;0
7152;24;1;0;0;1;0;28;1;1
7266;23;0;1;0;1;0;51;0;0
20408;9;1;0;0;1;0;43;1;0
12329;17;0;1;0;1;0;82;1;0
9677;23;0;0;0;1;0;23;0;0
5202;2;0;0;0;1;0;24;1;0
8452;14;0;0;0;1;0;63;1;0
15914;7;1;1;1;1;1;65;1;0
8450;14;1;1;0;1;0;86;1;1
21889;19;1;0;0;1;0;67;0;1
17972;19;0;0;0;1;0;47;1;1
7263;29;0;1;0;1;0;45;1;0
5285;9;1;1;0;1;0;39;0;1
15353;9;1;1;0;1;1;23;1;1
22821;18;1;1;0;1;0;61;0;1
23339;22;0;0;0;1;0;34;1;0
7194;28;0;1;0;1;0;35;1;0
6572;11;0;1;0;1;0;86;1;0
6548;11;1;0;0;1;0;73;1;1
10310;17;1;0;0;1;0;80;1;1
9403;8;0;0;0;1;0;25;0;0
11309;3;0;1;0;1;0;69;1;0
234;25;0;1;0;1;0;37;1;0
11518;2;1;1;0;1;0;55;1;1
7785;27;0;0;0;1;0;NA;1;1
13524;26;0;0;0;1;0;68;1;0
6000;11;1;1;0;1;0;73;0;1
10121;27;1;1;0;1;0;55;0;1
1698;30;0;0;0;1;1;54;1;0
14544;18;0;0;0;1;1;31;0;0
5609;11;1;0;0;1;0;67;0;1
3717;4;0;0;0;1;0;25;1;0
21679;28;0;0;0;1;0;53;1;0
4545;5;0;1;0;1;0;42;1;1
6832;23;0;1;0;1;0;35;1;1
5853;11;1;1;0;1;0;71;0;1
12644;9;0;0;0;1;0;58;0;0
1437;9;0;0;0;1;0;27;1;0
2866;24;0;0;0;1;0;36;1;0
8294;14;0;1;0;1;1;38;0;0
10399;8;0;1;0;1;0;37;1;0
20993;20;1;0;0;1;0;48;1;0
901;19;1;1;0;1;0;50;1;1
7871;12;0;0;0;1;1;32;1;0
22116;29;0;1;0;1;0;55;1;1
12155;12;1;0;0;1;0;38;1;0
16754;19;0;0;0;1;0;33;1;1
8641;21;1;0;0;1;0;71;1;1
1748;30;0;0;0;1;0;38;0;0
17386;20;0;1;0;1;0;26;1;0
1867;30;0;0;0;1;0;20;1;0
7279;29;1;0;0;1;0;33;0;1
8139;17;1;0;0;1;0;77;1;0
3930;21;1;0;0;1;0;84;1;1
8355;14;1;0;0;1;0;46;1;1
10745;11;0;1;0;1;0;27;0;0
11472;7;0;0;0;1;0;51;1;0
18222;19;1;0;0;1;0;66;1;1
6534;11;0;0;0;1;0;68;0;0
9367;8;0;0;0;1;0;44;0;0
13483;26;1;0;0;1;0;49;0;1
19037;27;0;0;0;1;0;29;0;0
662;12;0;0;0;1;0;27;1;0
5612;11;0;0;0;1;0;78;1;0
6395;11;1;1;0;1;0;81;1;1
16852;13;0;0;0;1;0;55;1;0
3100;6;0;0;0;1;0;21;0;0
15313;10;0;0;0;1;0;28;1;0
3982;7;1;0;0;1;0;41;1;0
11933;21;1;0;0;1;0;83;1;1
8601;18;0;1;0;1;0;39;0;1
6413;11;0;0;0;1;0;70;1;0
22434;19;0;0;0;1;1;60;1;0
2468;25;1;0;0;1;0;27;0;1
3569;22;1;0;0;1;0;43;1;1
5972;11;0;1;0;1;0;87;0;0
22942;17;0;0;0;1;0;26;1;0
14483;9;0;0;0;1;0;85;1;0
9003;25;0;0;0;1;0;85;1;0
7742;2;1;1;0;1;0;72;1;1
4308;23;0;1;0;1;0;32;1;0
21688;27;1;0;0;1;0;74;0;0
16268;27;0;0;0;1;0;51;0;0
5589;11;0;0;0;1;0;62;1;1
12824;13;1;0;0;1;0;77;1;0
12629;9;0;0;0;1;0;30;1;0
3757;26;1;0;0;1;0;75;1;0
10880;13;0;0;0;1;0;47;1;1
18302;21;1;1;0;1;0;50;1;1
5278;27;0;0;0;1;1;38;1;0
5480;11;0;0;0;1;0;29;1;0
20840;9;0;0;0;1;0;39;1;1
22675;28;1;0;0;1;0;37;1;0
7479;24;1;0;0;1;0;32;1;1
15498;9;0;0;0;1;0;54;1;0
5960;11;0;0;0;1;0;50;1;0
14026;26;0;0;0;1;0;84;1;0
10003;15;0;0;0;1;0;30;1;0
15986;27;1;1;1;1;1;76;1;1
1495;14;0;0;0;1;0;20;0;0
5488;11;0;0;0;1;0;45;1;0
10456;8;1;0;0;1;0;46;1;0
19863;6;1;0;0;1;0;92;1;1
14820;24;1;0;0;1;0;60;1;0
22557;3;1;1;0;1;0;56;0;0
9694;23;1;0;0;1;0;42;1;1
10869;19;1;0;0;1;1;24;0;0
792;20;0;0;0;1;0;55;1;1
20690;27;1;0;0;1;0;80;1;1
5354;14;1;0;0;1;0;42;1;0
6794;2;1;1;0;1;0;31;1;1
11268;7;0;1;0;1;0;35;1;0
5987;11;1;1;0;1;1;71;1;1
4762;21;1;0;0;1;0;42;1;0
17676;5;0;0;0;1;0;86;1;0
6671;2;0;0;0;1;0;33;1;1
18893;6;1;0;0;1;0;27;1;1
13416;15;0;0;0;1;0;25;1;0
8477;15;0;0;0;1;1;71;1;0
20872;3;1;0;0;1;1;19;1;0
14441;22;0;1;0;1;0;25;0;1
2821;25;0;0;0;1;0;24;1;0
22637;28;0;0;0;1;0;23;1;0
12315;18;0;1;0;1;0;42;0;0
6027;11;0;1;0;1;1;84;0;0
13106;10;0;0;0;1;1;29;1;1
20675;30;1;0;0;1;0;61;1;1
5425;8;0;0;0;1;0;31;1;1
9036;26;1;0;0;1;1;51;1;0
13749;19;0;0;0;1;0;36;1;0
4860;21;1;0;0;1;0;NA;1;1
21189;25;1;1;0;1;0;43;1;1
5719;11;1;0;0;1;0;83;1;1
18928;22;0;1;0;1;0;65;1;1
3905;21;1;1;0;1;0;75;1;0
9687;21;0;1;0;1;0;85;1;0
4347;27;1;0;0;1;0;36;1;0
14630;9;1;0;0;1;0;79;1;1
19619;17;0;0;0;1;0;49;0;0
10131;27;1;0;0;1;0;79;1;1
17137;13;0;0;0;1;0;20;1;0
9788;12;0;1;0;1;0;41;1;1
12668;13;1;0;0;1;1;44;0;1
12875;5;1;1;0;1;0;26;1;0
5967;11;1;1;0;1;0;66;1;1
2898;7;0;0;0;1;0;30;0;1
15003;11;0;0;0;1;0;50;1;0
1909;17;0;0;0;1;0;63;1;0
17929;22;0;1;0;1;0;21;0;0
22570;26;0;0;0;1;0;49;0;0
20779;10;1;1;0;1;0;71;1;1
6479;11;1;1;0;1;0;70;1;1
2860;8;0;0;0;1;0;30;1;1
15919;7;0;0;0;1;0;81;1;0
17061;13;0;0;0;1;0;45;0;1
8645;11;0;0;0;1;0;43;0;0
20277;17;1;1;0;1;0;61;1;1
12043;13;0;0;0;1;0;34;0;0
1107;8;1;0;0;1;0;48;1;1
12284;18;0;0;0;1;0;33;0;0
2013;25;0;1;0;1;0;41;1;0
1243;29;0;0;0;1;1;41;0;0
11349;3;0;1;0;1;1;79;1;1
15902;7;1;0;1;1;1;79;1;1
2441;25;0;0;0;1;1;22;0;0
15405;9;1;0;0;1;0;44;0;1
9219;12;0;0;0;1;0;49;1;0
5567;11;0;0;0;1;0;31;0;0
15967;18;0;0;0;1;0;33;0;0
10551;29;1;0;0;1;0;77;1;1
15321;7;0;0;0;1;0;25;1;1
11277;3;0;1;0;1;0;57;1;0
2894;7;0;0;0;1;0;37;1;1
10678;21;1;0;0;1;0;51;1;1
17355;20;0;0;0;1;1;44;1;0
17584;30;0;0;0;1;0;26;1;0
11416;2;1;0;0;1;0;67;1;1
929;28;1;1;0;1;0;64;1;0
3883;21;0;1;0;1;0;43;0;0
19029;29;0;1;0;1;0;39;1;0
10277;23;1;1;0;1;0;52;0;0
8478;26;0;0;0;1;0;49;1;0
18883;30;0;0;0;1;0;31;1;0
11264;6;1;0;0;1;1;32;1;0
21242;20;0;0;0;1;0;48;1;1
753;25;0;0;0;1;0;70;1;0
11358;2;0;0;0;1;0;32;0;0
7284;29;0;1;1;1;1;29;1;0
22114;29;0;1;0;1;0;51;1;1
4900;12;0;0;0;1;0;19;0;0
7254;24;0;0;0;1;0;36;0;0
18568;20;0;1;0;1;0;34;1;0
18891;6;1;0;0;1;0;65;1;1
6476;11;0;1;0;1;0;90;0;0
6255;11;1;1;0;1;1;81;1;1
20026;18;1;0;0;1;0;71;1;1
17034;12;0;0;0;1;0;89;1;0
5677;11;1;0;0;1;0;63;1;1
23233;7;0;0;0;1;0;26;1;0
6970;9;0;0;0;1;0;28;1;0
6559;11;0;0;0;1;0;80;1;0
23078;8;1;0;0;1;0;46;1;1
23309;7;0;0;0;1;0;32;0;1
2266;28;1;0;0;1;0;51;1;1
2121;26;1;0;0;1;0;78;1;1
19180;10;1;1;0;1;0;50;1;1
14369;12;0;0;0;1;0;37;1;0
10997;24;0;0;0;1;0;42;1;0
6957;9;0;0;0;1;1;24;0;0
4482;23;0;1;0;1;0;87;1;1
6069;11;0;0;0;1;0;90;1;0
4315;23;1;1;0;1;0;69;1;1
6545;11;1;1;0;1;0;76;1;1
4339;23;0;0;0;1;0;40;0;0
9238;12;1;0;0;1;0;35;1;0
13202;10;0;0;0;1;0;26;1;1
9459;14;0;1;0;1;1;35;0;1
22374;30;0;1;0;1;0;50;1;0
9723;23;1;1;0;1;0;30;1;0
7646;2;0;0;0;1;0;27;0;0
6588;11;1;1;1;1;1;61;1;1
12948;18;0;0;0;1;0;44;1;1
1170;29;1;0;0;1;0;45;1;1
19931;6;0;0;0;1;0;84;1;0
16035;8;1;0;0;1;0;25;1;1
10567;21;0;1;0;1;0;37;1;1
12845;18;0;1;0;1;1;28;0;0
4492;23;1;1;0;1;0;83;0;1
13855;24;1;0;0;1;0;33;1;1
11462;2;0;1;0;1;0;45;0;0
21297;26;0;0;0;1;0;32;0;0
3435;7;0;0;0;1;0;25;0;1
6946;10;0;0;0;1;0;26;0;0
13567;8;0;0;0;1;0;28;1;0
11892;17;1;0;0;1;0;79;1;0
15052;8;0;0;0;1;0;38;0;0
23392;7;0;0;0;1;0;29;1;0
16785;19;0;0;0;1;0;29;1;1
9071;25;1;0;0;1;0;31;1;0
9331;8;0;0;0;1;0;37;0;0
1527;20;1;1;0;1;0;59;1;1
19826;6;1;0;0;1;0;78;1;1
16574;23;1;0;0;1;0;81;1;1
4097;7;0;1;0;1;0;23;0;1
23398;7;1;0;0;1;0;80;1;1
14214;15;0;0;0;1;0;46;1;0
17333;26;1;1;0;1;0;49;1;0
4789;20;1;0;0;1;0;50;0;1
6853;2;1;0;0;1;0;53;1;0
5112;2;1;0;0;1;0;34;1;1
11835;18;1;1;0;1;0;92;0;1
23116;8;1;0;0;1;0;69;1;1
7745;2;1;1;0;1;0;NA;1;1
6533;11;1;0;0;1;0;77;1;1
2899;7;1;0;0;1;0;27;0;1
19983;6;0;0;0;1;0;70;1;1
14416;22;1;1;0;1;0;48;1;1
7663;2;1;1;0;1;0;24;1;0
5207;7;1;1;0;1;1;39;1;0
16698;19;1;0;0;1;1;37;0;0
20704;27;0;0;0;1;0;65;0;1
6024;11;1;1;0;1;0;90;0;1
4967;18;0;0;0;1;0;48;1;0
3600;18;0;0;0;1;0;82;0;0
21772;27;1;0;0;1;0;30;1;1
21775;28;0;0;0;1;0;43;1;1
12247;5;0;1;0;1;0;37;1;0
20169;17;0;0;0;1;0;31;1;0
17908;11;0;0;0;1;0;29;1;0
21874;19;1;0;0;1;0;54;1;1
2732;25;0;0;1;1;1;32;1;0
5201;2;0;0;0;1;0;23;0;0
7604;2;0;0;0;1;0;23;1;0
5277;27;0;0;0;1;0;63;0;1
4547;5;0;0;0;1;0;31;1;0
23418;7;1;1;0;1;1;80;1;0
21129;22;1;0;0;1;0;80;1;1
21107;22;0;0;0;1;0;35;1;1
15627;2;0;0;0;1;0;29;0;0
20557;30;0;0;0;1;0;34;1;1
11407;2;0;0;0;1;0;58;1;1
6005;11;1;1;1;1;1;89;0;1
282;26;0;1;0;1;0;NA;1;1
9710;23;1;1;0;1;0;37;1;0
21720;28;0;0;0;1;0;22;1;0
22433;21;1;0;0;1;0;49;1;1
18162;19;0;0;0;1;0;57;1;0
10978;24;1;0;0;1;0;79;0;1
7841;26;1;1;0;1;0;55;1;0
9936;10;1;0;0;1;0;39;1;1
16471;16;1;1;0;1;0;50;0;0
16316;14;0;1;0;1;0;36;1;0
11998;6;0;0;0;1;0;43;1;1
17730;13;1;0;0;1;0;42;1;0
6833;23;0;0;0;1;0;36;1;1
14492;9;1;0;1;1;1;73;1;1
15453;9;0;0;0;1;0;76;1;0
6978;10;1;0;0;1;0;30;1;1
10623;27;1;0;0;1;0;32;1;0
3984;7;0;0;0;1;0;47;0;0
20705;27;0;0;0;1;0;39;1;0
9402;8;0;0;0;1;0;21;1;0
2941;24;1;1;0;1;0;45;1;0
4016;18;1;0;0;1;0;63;1;1
18369;21;0;0;0;1;0;73;1;1
6217;11;0;1;0;1;0;87;1;0
20027;18;0;1;0;1;1;35;0;0
9922;20;0;1;0;1;0;22;1;0
22616;24;0;0;0;1;0;79;0;1
11201;6;0;0;0;1;0;26;0;0
22478;19;1;0;0;1;0;47;1;1
14191;7;0;1;0;1;1;62;1;1
3944;8;0;0;0;1;1;33;1;1
12104;26;1;1;0;1;0;64;1;1
20891;8;0;1;0;1;0;89;1;1
8496;16;1;0;0;1;0;89;1;1
1227;27;0;0;0;1;0;41;0;0
10949;30;0;0;0;1;0;33;0;0
5504;11;0;0;0;1;0;32;0;0
2868;23;0;0;0;1;0;27;0;0
12262;6;0;0;0;1;0;21;0;0
16212;24;0;0;0;1;0;43;1;0
554;23;0;0;0;1;0;68;1;1
4272;3;0;1;0;1;0;NA;1;1
6057;11;1;0;0;1;0;80;1;1
11957;16;0;1;0;1;0;36;1;0
14370;12;0;0;0;1;0;33;0;0
10548;29;0;0;0;1;0;73;1;1
8086;17;0;0;0;1;0;49;1;0
16968;11;0;0;0;1;0;70;1;0
9947;14;0;0;0;1;0;56;1;1
2236;10;0;0;0;1;0;38;1;0
15895;7;0;1;0;1;0;40;0;1
2663;2;0;0;0;1;0;42;0;0
19473;3;0;1;0;1;0;31;0;1
7454;28;0;1;0;1;0;34;1;0
6477;11;1;0;0;1;0;72;1;1
9318;4;0;1;0;1;0;62;1;0
1484;14;0;1;0;1;0;63;1;0
18682;20;1;1;0;1;0;79;1;1
16743;19;0;0;0;1;0;22;0;0
21574;2;1;0;0;1;0;55;1;0
4113;7;0;0;0;1;0;45;1;1
6386;11;1;0;0;1;0;75;1;1
14417;22;0;1;0;1;0;69;0;1
19282;3;0;0;0;1;0;25;0;0
16126;15;0;0;0;1;0;27;1;0
5865;11;1;1;0;1;0;70;1;1
2797;8;0;0;0;1;0;23;0;0
908;23;0;0;0;1;0;49;1;1
17791;29;1;0;0;1;0;84;1;1
12001;6;0;0;0;1;1;36;1;1
15804;7;0;0;0;1;0;68;1;0
6575;11;1;1;0;1;0;74;1;1
7312;25;0;1;0;1;0;34;1;0
19348;29;0;0;0;1;0;72;1;1
3419;10;1;0;0;1;0;65;1;1
21828;28;0;1;0;1;0;20;0;0
11321;6;0;0;0;1;0;30;1;0
4876;21;1;0;0;1;0;29;0;0
8836;25;1;0;0;1;1;67;1;1
9756;12;1;1;0;1;0;71;1;1
17304;26;1;0;0;1;0;31;1;0
4329;23;1;0;0;1;0;64;1;1
7976;14;1;1;0;1;1;40;1;0
10698;21;1;0;0;1;0;50;1;1
19788;6;0;0;0;1;0;74;0;1
5378;30;0;0;0;1;0;37;1;1
12451;6;0;0;0;1;0;60;1;0
8035;16;0;0;0;1;0;22;1;0
15529;2;0;0;0;1;0;33;0;0
10708;21;1;0;0;1;0;42;0;0
4011;18;0;0;0;1;0;67;1;0
22718;24;0;0;0;1;0;42;1;1
9700;23;0;0;0;1;0;50;1;1
4440;23;1;0;0;1;0;60;1;0
7788;27;0;0;0;1;0;40;1;0
16086;15;1;0;0;1;0;26;1;0
9422;14;1;0;0;1;0;64;1;1
5740;11;1;0;0;1;0;76;0;1
9356;8;0;1;0;1;0;44;1;1
15318;9;1;0;0;1;0;48;0;1
7310;24;0;0;0;1;0;39;1;0
16582;23;0;0;0;1;0;30;1;0
6610;11;1;1;0;1;0;80;1;1
21039;30;0;1;0;1;1;24;1;0
4092;7;0;0;0;1;0;26;1;0
21089;22;1;0;0;1;0;49;1;1
11497;2;0;0;0;1;0;26;1;0
8685;25;0;0;0;1;0;46;0;1
7253;5;0;0;0;1;0;21;0;0
9586;2;0;0;0;1;0;23;0;0
18290;15;0;0;0;1;0;27;1;0
9944;14;0;0;0;1;0;27;0;0
2116;26;1;0;0;1;0;38;1;0
14603;20;1;1;0;1;0;33;1;0
17760;15;0;0;0;1;0;62;1;0
2289;28;0;0;0;1;0;39;1;1
16744;19;0;1;0;1;0;32;0;0
609;9;0;0;0;1;1;39;0;0
5499;11;0;0;0;1;0;26;0;0
21108;22;0;0;0;1;0;39;1;1
20550;30;0;1;0;1;0;44;1;1
5807;11;1;1;0;1;0;71;1;1
9666;23;1;1;0;1;0;73;0;1
22301;10;1;0;0;1;0;65;1;0
4585;29;1;0;0;1;0;37;1;1
9194;27;0;0;0;1;0;41;1;0
13626;17;1;0;0;1;1;54;1;1
10300;18;1;0;0;1;0;85;1;1
6546;11;1;1;0;1;0;82;0;1
11461;2;1;0;0;1;0;28;1;0
8278;14;0;0;0;1;0;26;1;1
11069;14;1;1;0;1;0;43;0;1
5164;23;1;0;0;1;0;40;0;0
22127;29;0;0;0;1;0;23;0;0
18549;28;0;0;0;1;0;21;0;0
2412;7;0;0;0;1;0;29;1;0
342;18;1;1;0;1;0;73;1;1
15416;9;0;0;0;1;0;39;1;0
17016;12;0;1;0;1;0;87;1;0
5804;11;1;1;0;1;0;81;1;1
2557;17;0;0;0;1;0;48;1;1
1396;12;0;0;0;1;0;62;0;0
6676;23;0;1;0;1;0;84;1;0
3452;7;0;0;0;1;0;26;1;1
9388;8;1;1;0;1;0;66;1;0
23254;7;0;0;0;1;1;27;1;1
18907;6;1;0;0;1;0;42;1;0
3910;2;0;0;0;1;0;31;1;0
7877;12;0;0;0;1;1;36;1;0
4935;20;1;0;0;1;1;55;1;1
471;14;1;0;0;1;0;39;1;1
15271;7;0;0;0;1;0;30;1;0
20578;27;0;0;0;1;0;48;1;0
20577;27;0;0;0;1;0;72;1;1
6039;11;1;1;0;1;0;79;1;1
15857;2;1;1;0;1;0;28;0;1
5787;11;0;0;0;1;1;41;1;0
3700;3;0;0;0;1;0;32;1;1
13612;15;0;1;0;1;0;30;1;0
16544;16;0;1;0;1;0;43;1;0
16013;8;1;0;0;1;0;61;1;1
7771;25;1;1;0;1;0;38;1;1
7593;24;0;0;0;1;1;35;1;1
14593;20;1;0;0;1;0;70;0;1
16560;16;0;1;0;1;0;44;1;0
23092;8;0;0;0;1;0;38;1;1
481;14;0;1;0;1;0;35;1;0
15910;7;1;1;0;1;0;NA;1;1
22767;16;0;0;0;1;0;35;1;1
22724;24;0;0;0;1;0;65;0;1
17776;29;0;0;0;1;0;82;1;1
8316;15;0;0;0;1;0;56;1;1
20794;10;0;0;0;1;0;39;0;0
18272;15;0;0;0;1;0;31;1;1
1022;27;0;0;0;1;0;49;1;1
8196;29;0;0;0;1;1;21;0;0
23311;7;0;0;0;1;0;24;1;0
13291;16;1;0;0;1;0;29;1;1
17414;16;1;1;0;1;0;48;1;1
6470;11;0;0;0;1;0;51;1;0
11280;6;1;0;0;1;0;30;1;1
22321;10;0;0;0;1;0;24;0;0
13584;8;0;0;0;1;0;55;0;0
20461;6;1;0;0;1;0;76;1;1
10909;17;0;1;0;1;0;79;1;0
14689;10;0;0;0;1;0;34;1;0
22329;10;0;0;0;1;0;26;0;0
17704;13;1;0;0;1;0;NA;1;1
19567;30;1;1;0;1;0;81;1;1
11766;19;1;0;0;1;0;56;1;1
5841;11;1;0;0;1;0;79;1;1
3900;21;1;0;0;1;0;75;1;1
9005;26;1;0;0;1;0;77;1;0
3426;10;1;0;0;1;0;33;1;1
6886;2;0;0;0;1;0;19;1;0
9578;2;1;0;0;1;0;82;1;0
16030;9;1;0;0;1;0;36;1;1
10542;29;1;1;0;1;0;84;1;1
18677;20;1;0;0;1;0;73;1;1
8264;14;0;0;0;1;0;31;1;0
13545;2;0;0;0;1;0;33;1;1
18115;6;1;0;0;1;0;82;0;1
3441;7;0;0;0;1;0;30;0;1
19381;18;0;1;0;1;0;34;1;0
6451;11;1;1;0;1;0;69;0;1
2959;23;0;0;0;1;0;46;1;1
11507;2;1;0;0;1;0;24;1;0
11316;3;1;1;0;1;0;61;1;1
8239;13;1;0;0;1;0;58;0;1
8669;25;0;0;0;1;0;41;1;1
5519;11;0;0;0;1;0;35;0;0
3407;10;0;0;0;1;0;34;1;0
15873;7;0;0;0;1;0;62;0;1
22539;2;1;1;0;1;0;79;1;1
15254;10;1;0;0;1;0;28;1;1
5630;11;1;0;0;1;0;88;1;1
20742;30;0;0;0;1;0;40;0;0
4892;12;1;0;0;1;1;36;1;1
11697;17;1;1;0;1;0;71;1;1
21174;25;1;1;0;1;0;49;0;1
23038;16;1;1;0;1;0;41;0;1
22507;22;0;0;0;1;0;57;1;1
18691;21;1;1;0;1;0;37;1;1
6525;11;0;0;0;1;0;65;0;0
19117;7;0;0;0;1;0;49;1;0
13180;10;1;0;0;1;0;72;1;1
16605;12;1;1;0;1;0;63;0;1
12807;13;1;1;0;1;0;57;1;1
5856;11;0;0;0;1;0;76;1;0
16334;14;0;1;0;1;1;47;1;0
12881;6;0;0;0;1;1;51;1;1
16401;5;0;0;0;1;0;34;0;0
16128;12;0;1;0;1;0;24;0;1
23034;16;1;1;0;1;0;36;1;1
19705;4;0;1;0;1;0;29;1;0
1390;12;0;0;0;1;0;35;1;0
3841;10;0;1;0;1;0;29;1;0
10392;8;0;1;0;1;0;39;0;1
19019;29;1;1;0;1;1;38;1;1
9880;2;1;0;0;1;0;29;1;0
17680;5;0;0;0;1;0;42;1;0
8370;15;1;1;0;1;0;68;1;1
2496;25;1;0;0;1;1;80;1;1
6524;11;1;1;0;1;0;75;1;1
9120;27;1;1;0;1;0;43;0;1
19476;3;0;0;0;1;0;32;1;0
17024;11;0;0;0;1;0;85;1;1
19747;6;0;0;0;1;0;94;1;1
16838;13;0;1;0;1;0;41;1;0
6152;11;1;1;0;1;0;70;0;1
13077;10;1;1;0;1;0;47;1;1
17832;13;0;0;0;1;0;45;0;1
19110;21;1;0;0;1;0;59;1;0
11184;7;1;1;0;1;0;35;1;0
14162;9;0;0;1;1;1;19;0;0
18723;21;1;0;0;1;0;20;1;1
13341;12;1;0;0;1;0;48;1;1
16008;8;1;0;0;1;0;28;0;1
21026;23;1;0;0;1;0;57;1;1
16477;16;0;0;0;1;0;53;1;1
11587;28;0;1;0;1;0;45;0;0
11503;2;0;0;0;1;0;30;1;1
9259;11;0;0;0;1;0;88;1;0
14042;9;0;0;0;1;0;40;1;0
6150;11;1;0;0;1;0;87;1;1
725;25;0;0;0;1;0;25;0;0
1807;30;1;1;0;1;0;71;1;0
15411;9;0;1;0;1;0;75;1;0
9434;14;0;0;0;1;0;27;1;0
6478;11;0;1;0;1;0;84;1;0
1511;14;1;0;0;1;0;41;0;0
15359;9;1;0;0;1;0;46;1;1
16747;19;1;0;0;1;0;57;0;1
5947;11;1;1;0;1;0;90;1;1
8260;16;0;0;0;1;0;72;1;0
8039;16;1;1;0;1;0;24;1;1
6087;11;1;1;0;1;0;68;0;1
18664;21;1;1;1;1;1;29;1;0
7468;25;0;0;0;1;0;23;0;0
19241;9;1;1;0;1;0;52;0;1
16507;16;1;0;0;1;0;70;1;1
6232;11;1;0;0;1;0;83;1;1
3666;4;0;0;0;1;0;37;1;0
9592;9;0;0;0;1;0;34;1;0
21019;23;1;0;0;1;0;42;1;1
1014;27;1;1;0;1;0;55;1;1
4869;2;1;0;0;1;0;54;1;1
10008;14;1;0;0;1;0;77;1;1
12688;13;0;1;0;1;0;32;0;0
23441;29;0;1;0;1;0;31;0;0
23427;29;0;0;0;1;0;74;0;0
15389;9;0;1;0;1;0;79;1;0
12253;6;0;0;0;1;0;62;1;1
21609;24;0;1;0;1;0;43;1;0
5241;23;0;0;0;1;0;31;0;1
23039;16;0;1;0;1;0;46;1;1
5024;12;0;0;0;1;0;48;1;1
22666;28;1;0;0;1;0;44;1;1
3034;15;0;1;0;1;0;23;1;0
11971;15;0;0;0;1;0;30;1;0
13352;14;0;0;0;1;0;31;1;0
17727;13;1;0;0;1;0;45;1;1
8960;25;0;0;0;1;0;30;1;1
17151;11;1;1;0;1;0;39;1;1
20068;18;1;1;0;1;1;44;0;1
5733;11;1;0;0;1;0;71;1;1
15293;9;1;0;0;1;0;28;1;1
3901;21;1;1;0;1;0;75;1;1
19774;6;0;0;0;1;0;84;1;0
5626;11;0;0;0;1;0;35;1;0
15458;9;1;0;0;1;1;54;1;1
6618;11;0;0;0;1;0;23;0;0
14547;18;0;0;0;1;0;33;0;0
12237;5;0;0;0;1;0;33;1;0
16125;15;0;0;0;1;0;41;1;0
3545;4;0;0;0;1;0;25;0;0
8314;15;0;0;0;1;0;25;1;1
11258;7;0;0;0;1;0;21;0;0
1286;16;0;0;0;1;0;32;1;1
17198;11;0;1;0;1;0;27;0;0
11133;6;0;1;0;1;0;26;0;0
13463;15;0;0;0;1;0;25;1;0
11939;16;1;0;0;1;0;36;1;1
21942;19;0;0;0;1;0;29;1;1
19034;29;1;1;0;1;1;29;1;0
15838;7;1;1;0;1;0;75;1;1
5785;11;0;0;0;1;1;26;0;0
23306;7;1;1;0;1;0;69;1;1
22630;28;1;0;0;1;1;70;1;0
13017;20;1;0;0;1;0;68;1;1
3120;6;1;0;0;1;0;23;1;0
14574;20;0;0;0;1;0;18;0;0
11012;24;1;0;0;1;0;51;1;1
8006;16;0;0;0;1;0;20;1;0
14819;24;0;0;0;1;0;72;0;1
3533;4;0;0;0;1;0;30;1;1
15992;26;0;0;0;1;0;26;1;0
19474;3;1;1;0;1;0;70;1;1
7862;15;0;0;0;1;0;49;1;0
14236;15;1;0;0;1;0;27;1;0
8042;16;0;1;0;1;0;30;1;0
9320;4;0;1;0;1;0;24;0;0
11444;7;0;0;0;1;0;28;1;1
3214;16;1;0;0;1;0;38;0;0
15492;9;0;1;0;1;1;78;1;0
9404;8;0;0;0;1;1;56;1;0
1482;14;1;0;0;1;0;23;1;0
10255;6;0;0;0;1;0;54;1;0
18088;23;1;0;0;1;0;77;1;1
7649;2;1;1;0;1;0;58;1;1
16123;15;0;0;0;1;0;52;1;1
5705;11;0;0;0;1;0;81;0;0
8269;16;0;0;0;1;0;37;1;0
15449;9;0;0;0;1;0;46;1;0
2443;25;1;1;0;1;0;31;1;0
22083;10;1;0;0;1;0;38;1;1
15109;8;0;0;1;1;1;29;0;0
3399;26;1;0;0;1;0;41;0;0
9466;14;0;0;0;1;0;39;1;0
21991;9;0;0;0;1;1;28;1;0
13330;30;0;0;0;1;0;29;1;0
2143;10;0;0;0;1;0;73;1;0
20501;2;0;1;0;1;1;28;1;0
12715;13;1;0;0;1;0;57;1;1
15918;7;0;0;0;1;0;58;1;1
16370;5;1;0;0;1;0;63;1;0
9430;14;0;0;0;1;0;32;1;0
20449;6;0;0;0;1;0;57;1;0
13724;22;1;1;0;1;0;49;1;1
11423;7;0;1;0;1;0;46;1;0
2038;17;1;1;0;1;0;78;1;1
6316;11;1;0;0;1;0;85;1;1
11797;20;0;1;0;1;0;35;1;0
21711;27;1;1;0;1;0;47;1;1
2366;5;0;1;0;1;0;29;1;0
12025;13;1;1;0;1;0;32;1;1
2581;17;0;0;0;1;0;45;0;0
14245;15;0;0;0;1;0;45;1;0
13342;12;1;0;0;1;0;29;1;0
22331;10;0;0;0;1;0;38;1;0
13165;10;1;0;0;1;0;61;1;0
14693;10;0;0;0;1;0;37;1;0
3631;18;1;0;0;1;0;59;1;1
347;24;0;0;0;1;0;24;0;0
10324;6;0;0;0;1;0;53;1;0
3322;14;0;0;0;1;0;61;0;1
1113;9;0;0;0;1;0;33;0;0
11017;24;0;0;0;1;0;NA;0;0
18676;20;1;0;0;1;0;55;1;1
12745;30;0;1;0;1;0;49;0;0
8684;25;0;0;0;1;0;38;0;0
19240;8;0;0;0;1;0;32;0;1
3041;20;0;0;0;1;0;106;0;0
23047;8;1;0;0;1;0;52;1;0
21210;25;1;1;0;1;0;42;1;0
2911;23;0;0;0;1;1;43;1;0
626;10;1;1;0;1;0;43;1;1
15485;9;0;0;0;1;1;29;0;0
7414;28;1;0;0;1;0;44;0;1
5574;11;1;0;0;1;0;67;0;1
13945;26;1;1;0;1;0;NA;0;1
9967;15;0;0;0;1;1;55;0;1
7659;24;0;0;0;1;0;35;0;0
4228;7;0;0;0;1;0;32;1;0
10339;6;0;1;0;1;0;45;0;0
20001;6;1;0;0;1;0;78;1;0
19948;6;0;0;0;1;0;86;1;1
7786;27;0;1;0;1;0;39;0;1
15319;9;0;0;0;1;0;27;0;0
8913;27;1;1;0;1;0;66;1;1
17010;11;0;0;0;1;0;29;1;1
11151;5;0;0;0;1;0;47;1;0
2199;19;1;1;0;1;0;39;0;1
5724;11;1;1;0;1;0;93;1;1
22310;10;0;0;0;1;0;34;1;0
21652;17;0;0;0;1;0;43;0;0
10544;29;1;0;0;1;0;79;1;0
8213;14;0;1;0;1;0;56;1;1
5732;11;0;1;0;1;0;54;1;0
14591;20;0;0;0;1;0;40;1;0
20400;9;0;0;0;1;0;21;1;0
2912;24;1;0;0;1;0;49;1;1
2806;25;0;1;0;1;0;31;0;0
2713;25;0;1;0;1;0;30;0;0
21637;27;0;0;0;1;0;61;1;0
1180;27;1;0;0;1;0;42;1;1
14556;21;0;0;0;1;0;51;1;0
2887;8;1;1;0;1;0;27;0;1
8180;29;1;1;0;1;0;74;1;1
13506;26;1;0;0;1;0;45;1;1
21027;23;0;0;0;1;1;33;0;0
14503;9;1;0;0;1;1;46;1;1
19587;9;0;0;0;1;0;41;1;0
17065;12;0;0;0;1;0;35;1;0
8293;14;1;1;0;1;0;87;1;0
22445;19;1;0;0;1;0;47;1;1
10413;8;0;0;0;1;0;21;0;0
8892;26;1;0;0;1;0;48;1;0
4790;20;0;0;0;1;0;59;0;0
5559;11;1;0;0;1;0;71;1;1
9408;27;1;1;1;1;1;86;1;1
20562;30;0;1;0;1;0;35;1;0
11565;24;0;0;0;1;0;32;0;0
7733;2;0;0;0;1;0;31;1;0
13566;8;0;0;0;1;0;37;1;0
15479;9;0;0;0;1;0;18;0;0
15451;9;0;0;0;1;0;88;1;1
12981;20;1;1;0;1;0;48;1;1
23284;7;1;0;0;1;0;75;1;1
20588;30;0;1;0;1;0;36;1;0
3388;4;1;0;0;1;0;29;0;1
9766;12;0;1;0;1;1;19;0;0
16790;19;0;0;0;1;0;26;1;1
18503;23;0;0;0;1;0;41;1;0
1750;30;0;0;0;1;0;25;0;0
9305;4;0;0;0;1;0;23;1;0
19219;8;0;0;0;1;1;29;1;1
8428;15;0;0;0;1;0;53;1;0
20921;8;0;1;1;1;1;77;0;1
21842;4;1;1;0;1;0;65;1;1
919;2;0;0;0;1;0;39;1;0
17738;14;0;0;0;1;0;28;0;0
16752;19;0;0;0;1;0;54;1;0
1579;22;1;1;0;1;0;32;1;1
5089;12;1;1;0;1;0;56;1;1
16283;14;1;0;0;1;0;72;0;0
15439;10;1;0;0;1;0;35;0;1
5831;11;1;0;0;1;0;77;1;1
12170;12;1;0;0;1;0;51;1;1
25;4;0;0;0;1;0;46;1;0
9584;2;0;0;0;1;0;30;1;0
19217;10;1;1;0;1;0;19;1;0
14882;28;0;1;0;1;0;80;1;0
19177;10;0;0;0;1;0;56;0;1
17026;12;0;1;0;1;0;NA;1;0
22479;20;1;1;0;1;0;60;1;1
12148;12;0;0;0;1;0;74;1;1
1394;12;0;0;0;1;0;26;0;0
7576;24;1;1;0;1;0;68;1;0
17895;13;0;0;0;1;0;74;1;0
19913;6;1;0;0;1;0;71;1;0
19859;6;0;0;0;1;0;83;1;0
20134;18;0;1;0;1;0;62;1;0
7126;23;0;0;0;1;0;34;1;0
22795;22;1;0;0;1;0;38;1;1
17745;15;1;1;0;1;0;51;0;0
579;29;0;0;0;1;0;42;1;0
436;22;0;0;0;1;1;38;0;0
6942;9;0;0;0;1;0;25;1;0
2782;24;1;1;0;1;0;60;1;1
8981;26;1;0;0;1;0;81;0;1
12056;26;0;0;0;1;0;40;1;1
9252;12;1;0;0;1;0;42;0;0
3920;21;1;0;0;1;0;73;1;1
6872;23;0;1;0;1;0;39;1;0
5829;11;1;0;0;1;0;79;1;1
18853;30;0;0;0;1;0;22;1;0
4718;22;1;1;0;1;0;38;1;0
20880;10;1;0;0;1;0;48;1;1
2058;20;0;1;0;1;0;38;1;1
20982;5;1;0;0;1;0;63;1;1
23088;8;0;0;0;1;0;36;1;1
21931;19;1;0;0;1;0;39;0;1
21047;30;0;1;0;1;0;45;1;0
10570;30;0;0;0;1;0;23;1;0
11439;2;0;0;0;1;0;30;1;1
12904;6;0;0;0;1;0;52;1;0
10174;8;1;1;0;1;0;33;1;0
4980;12;0;1;0;1;0;34;0;0
9508;12;1;0;0;1;0;36;0;1
1904;30;1;0;0;1;0;39;1;1
3462;25;0;0;0;1;0;35;0;1
7758;18;0;0;0;1;0;49;1;1
11657;9;1;0;0;1;0;71;0;1
14442;22;0;1;0;1;0;25;1;0
10844;7;0;0;0;1;0;25;1;1
12160;12;1;0;0;1;0;73;0;0
8951;25;0;0;0;1;0;64;1;1
5077;12;0;0;0;1;0;23;1;0
15307;9;0;0;0;1;0;29;1;0
8930;25;0;0;0;1;0;46;1;1
9053;26;1;0;0;1;0;78;1;1
2780;23;0;0;0;1;0;56;0;0
5662;11;1;0;0;1;0;20;1;0
507;15;0;1;0;1;0;21;0;0
17556;30;0;1;0;1;0;33;1;0
13079;10;1;1;1;1;1;62;1;1
7405;28;0;1;0;1;0;44;1;0
5818;11;1;1;0;1;0;90;1;1
16583;23;0;0;0;1;1;30;1;1
3850;2;1;0;0;1;0;30;1;0
1820;30;0;0;0;1;0;23;0;1
7031;9;0;0;0;1;1;31;0;0
23015;18;0;1;0;1;0;46;0;0
15043;8;0;0;0;1;1;30;0;0
16149;12;0;1;0;1;0;35;1;0
18575;23;0;0;0;1;0;32;1;0
12872;6;0;0;0;1;0;24;1;0
23219;7;1;0;0;1;0;48;1;1
8502;16;0;0;0;1;0;35;1;0
11297;3;1;1;0;1;1;46;1;1
21745;28;1;0;0;1;0;48;1;1
11603;8;1;1;0;1;0;37;0;0
9849;2;1;0;0;1;0;54;1;1
12402;22;1;1;0;1;0;43;1;1
14233;15;0;0;0;1;1;39;1;1
18662;20;0;1;0;1;1;67;1;0
4870;21;0;0;0;1;0;26;0;0
14443;22;1;0;0;1;0;56;0;0
5068;12;0;1;0;1;0;61;0;0
14708;22;0;0;0;1;0;42;1;0
4730;21;0;0;0;1;0;44;1;0
9054;25;0;0;0;1;0;74;1;1
59;22;1;0;0;1;0;84;1;1
6616;11;0;0;0;1;0;45;1;0
7333;3;0;0;0;1;0;41;1;0
6131;11;1;1;0;1;0;79;1;1
15508;9;1;0;0;1;0;77;1;1
7483;24;0;0;0;1;0;33;1;0
8136;17;0;1;0;1;0;64;1;0
22847;18;0;0;0;1;0;25;1;1
14322;5;1;0;0;1;0;61;1;1
4630;2;1;1;0;1;0;40;1;0
22457;19;0;0;0;1;0;28;1;0
2680;23;0;0;0;1;0;23;1;0
6665;2;0;0;0;1;1;23;1;0
16139;12;0;0;0;1;0;33;0;0
13668;15;0;0;0;1;0;35;1;1
6066;11;1;1;0;1;0;88;1;1
5113;2;1;1;0;1;0;50;1;0
4551;27;1;1;0;1;0;78;1;1
23068;8;0;0;0;1;0;69;1;0
22685;23;0;0;0;1;0;53;0;1
8560;13;0;0;0;1;0;77;1;1
865;17;0;1;0;1;0;43;1;0
21567;12;0;0;0;1;0;69;1;1
12917;6;1;0;0;1;0;51;1;1
4919;12;0;0;0;1;0;NA;0;0
19767;6;1;0;0;1;0;78;1;1
10482;6;1;0;0;1;0;52;0;0
8470;15;0;1;1;1;1;63;1;0
14746;22;0;0;0;1;0;39;1;0
16751;19;1;0;0;1;0;77;1;0
3118;6;0;1;0;1;0;32;1;1
21800;2;0;1;0;1;0;21;1;0
20036;18;1;0;0;1;0;73;0;1
3119;6;1;1;0;1;0;26;1;1
386;8;0;0;0;1;0;33;1;1
16293;14;0;1;0;1;0;47;1;0
12151;12;1;0;0;1;0;42;1;0
18047;16;0;0;0;1;0;27;0;0
11248;5;0;0;0;1;1;25;0;0
20617;30;1;0;0;1;0;84;1;0
3783;18;1;0;0;1;0;71;0;1
11267;5;1;0;0;1;0;31;1;1
15802;7;0;0;0;1;0;52;1;0
8883;26;1;0;0;1;0;83;1;1
6561;11;1;0;0;1;0;80;1;1
12260;6;0;0;0;1;0;21;0;1
21035;30;0;1;0;1;0;49;1;0
13403;15;1;1;0;1;0;74;0;1
11712;17;1;1;0;1;0;88;1;1
14332;18;1;0;0;1;0;72;1;1
2903;24;0;1;0;1;0;33;1;0
4;8;1;0;0;1;0;78;1;1
8257;16;0;0;0;1;0;44;1;1
7564;24;0;0;0;1;0;24;1;0
19779;6;1;0;0;1;0;83;1;1
15524;2;0;0;0;1;0;27;0;0
9322;4;0;0;0;1;0;27;0;1
22690;26;0;0;0;1;0;19;0;0
17343;26;0;0;0;1;0;28;0;0
18674;21;1;0;0;1;0;30;1;0
7246;28;1;1;0;1;0;35;1;1
7631;24;0;0;0;1;0;48;1;0
22721;24;0;1;0;1;0;37;1;0
5615;11;1;0;0;1;0;78;1;1
5275;27;0;0;0;1;0;28;0;0
16052;12;0;0;0;1;0;34;1;0
699;12;1;0;0;1;0;36;1;0
11001;24;0;0;0;1;0;27;0;0
7998;16;0;0;0;1;0;30;1;0
4405;23;1;0;0;1;0;38;1;1
15929;7;1;0;0;1;0;80;1;1
13336;30;1;1;0;1;1;38;1;1
22019;10;1;0;0;1;0;55;1;1
4649;21;1;1;0;1;0;63;1;1
18572;24;1;0;0;1;0;43;1;0
1597;22;1;0;0;1;0;72;1;1
2546;25;0;0;0;1;1;48;1;1
3834;10;0;0;0;1;0;37;1;0
14606;20;0;0;0;1;0;28;1;0
5595;11;1;0;0;1;0;86;1;1
21855;9;1;0;0;1;0;86;0;1
16130;12;0;0;0;1;0;25;0;0
17354;20;0;1;0;1;0;36;1;0
11856;25;1;1;0;1;0;32;1;0
14144;12;1;1;0;1;0;50;0;1
23342;22;0;1;0;1;0;24;1;0
5465;11;0;0;0;1;0;39;1;0
9642;23;0;1;0;1;0;45;1;0
13647;6;0;0;0;1;0;32;1;1
17057;11;1;1;0;1;0;38;1;1
6716;24;0;0;0;1;0;42;0;1
17108;13;0;0;0;1;0;31;0;0
6623;11;0;0;0;1;0;25;0;0
5735;11;0;0;0;1;0;85;1;0
6309;11;0;1;0;1;1;88;1;0
11607;8;1;0;0;1;0;69;1;1
9665;23;1;1;0;1;0;48;1;0
4824;2;0;0;0;1;0;52;1;0
7644;2;0;0;0;1;0;29;0;0
12667;3;1;0;0;1;0;72;1;1
2389;5;0;1;0;1;0;45;1;0
8359;15;0;0;0;1;0;58;1;0
17297;26;1;0;0;1;0;73;1;1
22688;28;0;1;0;1;0;47;1;0
9676;23;0;1;0;1;0;49;0;1
6815;24;1;1;0;1;0;34;1;0
11251;7;1;1;0;1;0;42;1;1
3135;6;0;0;0;1;0;40;1;1
4845;2;1;0;0;1;0;47;1;1
17687;5;1;0;0;1;0;68;1;1
3801;9;0;0;0;1;0;33;1;0
16186;24;0;1;0;1;0;91;1;1
20766;30;0;0;0;1;0;33;1;0
467;3;0;1;0;1;1;47;1;1
18717;20;1;1;0;1;0;70;1;0
11046;24;1;0;0;1;0;53;1;1
5510;11;0;0;0;1;0;50;1;0
6871;2;0;0;0;1;0;41;1;1
8407;15;0;0;0;1;0;49;1;0
4183;20;1;1;0;1;0;36;1;1
19764;6;1;0;0;1;0;87;1;0
13093;10;0;0;0;1;0;94;1;1
15893;7;1;1;0;1;0;47;1;1
14530;9;0;0;0;1;0;31;1;0
5894;11;1;0;0;1;0;77;0;1
15398;9;1;1;0;1;0;83;1;1
6602;11;1;0;0;1;0;77;1;1
23061;8;1;0;0;1;0;33;1;1
17762;14;0;0;0;1;1;45;1;0
8419;15;1;0;0;1;0;64;1;1
19068;29;1;0;0;1;0;48;1;0
9870;2;0;0;0;1;0;29;1;0
16623;7;1;1;0;1;0;49;1;1
15645;2;0;0;0;1;0;27;1;0
12611;10;1;1;0;1;0;26;1;1
10486;6;1;0;0;1;0;33;1;1
6779;2;0;0;0;1;0;25;0;0
5371;30;0;0;0;1;0;42;1;1
13835;24;1;0;0;1;0;62;1;1
1768;30;0;0;0;1;0;32;1;1
1722;30;1;0;0;1;0;66;1;1
759;25;0;0;0;1;1;30;1;1
6179;11;1;1;0;1;0;41;1;1
10081;14;1;0;0;1;0;88;0;1
21541;12;0;1;0;1;0;32;0;0
2495;25;0;1;1;1;1;55;0;0
14744;22;0;0;0;1;0;26;1;0
21266;24;1;1;0;1;0;78;1;1
15314;10;1;0;0;1;0;34;0;1
289;26;0;0;0;1;0;30;0;1
9281;4;0;0;0;0;0;29;1;1
14450;22;0;0;0;0;0;43;0;1
4187;20;1;0;0;0;0;37;1;1
16195;24;1;0;0;0;1;61;1;1
8124;17;0;0;0;0;0;63;1;1
3123;6;0;0;0;0;0;41;0;0
13113;4;0;0;0;0;0;29;1;1
15660;23;0;0;0;0;0;27;0;1
4944;20;0;0;0;0;0;25;0;0
7891;11;0;0;0;0;0;25;0;0
23062;8;0;0;0;0;0;43;1;0
8148;17;1;0;0;0;0;57;1;1
14171;23;1;0;0;0;0;36;0;1
23220;7;0;0;0;0;1;28;1;0
18585;28;0;0;0;0;0;52;1;0
18374;21;0;0;0;0;0;48;1;0
9049;25;0;0;0;0;0;45;1;1
21449;27;1;0;0;0;0;82;1;1
8164;29;1;0;0;0;0;68;0;0
6756;25;0;0;0;0;0;39;1;1
20214;17;1;0;0;0;0;54;1;0
5701;11;1;0;0;0;0;81;1;1
6641;19;1;0;0;0;1;50;1;0
8517;15;0;0;0;0;0;44;1;1
2018;17;1;0;0;0;0;51;1;1
16402;5;0;0;0;0;0;19;1;0
12008;6;0;0;0;0;0;35;1;1
3425;10;1;0;0;0;0;24;1;0
9140;26;1;0;0;0;0;30;1;1
22900;17;0;0;0;0;0;47;1;1
18413;21;0;0;0;0;0;21;0;0
6118;11;0;0;0;0;1;89;1;0
21768;27;1;0;0;0;0;36;0;1
11532;24;0;0;0;0;0;26;0;0
22544;2;0;0;0;0;0;34;0;0
8152;17;0;0;0;0;0;75;1;1
14137;12;0;0;0;0;0;43;1;0
13996;25;0;0;0;0;0;51;1;0
21876;19;0;0;0;0;0;37;1;1
14068;9;0;0;0;0;0;26;1;0
12024;13;0;0;0;0;0;40;1;0
13605;15;0;0;0;0;0;48;1;0
14131;12;0;0;0;0;0;41;0;0
12706;13;0;0;0;0;0;71;1;0
14102;12;0;0;0;0;0;22;0;0
4111;7;0;0;0;0;0;31;1;0
23218;7;0;0;0;0;0;29;1;1
1404;12;0;0;0;0;0;32;1;0
16251;14;0;0;0;0;1;33;1;1
7791;27;0;0;0;0;0;66;1;1
2867;7;0;0;0;0;0;42;1;0
14444;22;1;0;0;0;0;57;1;1
4682;19;1;0;0;0;0;38;1;0
13924;25;0;0;0;0;0;52;1;1
18997;5;1;0;0;0;0;29;0;1
7846;26;0;0;0;0;0;66;1;1
12697;13;0;0;0;0;0;25;1;0
12695;13;1;0;0;0;0;53;1;0
15354;10;0;0;0;0;0;28;0;1
10872;13;0;0;0;0;0;82;0;0
23274;7;0;0;0;0;0;28;1;1
23326;7;0;0;0;0;0;27;0;0
18747;12;0;0;0;0;0;28;0;0
9617;23;1;0;0;0;0;50;1;1
21975;10;0;0;0;0;0;24;1;0
8525;15;0;0;0;0;0;40;1;1
4912;12;1;0;0;0;0;56;1;1
18100;23;1;0;0;0;0;46;1;1
4832;20;0;0;0;0;0;42;1;0
18952;5;0;0;0;0;0;40;1;0
12149;11;1;0;0;0;1;46;1;1
16681;10;0;0;0;0;0;25;1;0
10071;14;1;0;0;0;0;70;1;1
3384;14;1;0;0;0;0;58;1;1
7661;2;1;0;0;0;0;49;1;0
14733;22;0;0;0;0;1;34;1;1
2294;28;1;0;0;0;0;36;1;1
22541;2;1;0;0;0;0;36;1;1
16451;18;1;0;0;0;0;42;0;1
13472;15;0;0;0;0;0;44;1;0
20434;23;1;0;0;0;0;43;1;1
13394;15;0;0;0;0;0;23;1;0
12477;6;0;0;0;0;0;45;0;0
8492;16;1;0;0;0;1;39;1;0
9025;27;0;0;0;0;0;45;0;0
1660;2;0;0;0;0;0;34;1;0
19539;3;0;0;0;0;0;72;1;1
12801;13;1;0;0;0;0;36;1;1
22178;27;0;0;0;0;0;25;0;0
1599;22;1;0;0;0;1;81;1;0
11469;7;0;0;0;0;0;49;0;1
15129;9;0;0;0;0;0;28;1;0
19107;21;0;0;0;0;0;33;1;0
9266;4;0;0;0;0;0;28;1;1
2103;5;1;0;0;0;0;57;1;1
18294;21;0;0;0;0;0;51;1;1
6953;9;1;0;0;0;0;28;0;1
6690;23;0;0;0;0;1;32;0;0
6497;11;0;0;0;0;0;85;1;0
19524;3;0;0;0;0;1;46;1;0
15255;10;0;0;0;0;0;26;1;0
18597;24;0;0;0;0;0;40;0;0
6011;11;1;0;0;0;0;68;1;1
22355;30;0;0;0;0;0;68;1;0
15427;9;0;0;0;0;0;69;1;0
21821;28;1;0;1;0;1;78;1;1
17438;10;0;0;0;0;0;76;0;1
11354;13;0;0;0;0;0;25;0;0
8212;14;0;0;0;0;0;47;1;0
8241;14;0;0;0;0;0;39;0;0
19972;6;1;0;0;0;0;83;1;1
20016;18;1;0;0;0;0;36;1;0
19396;18;1;0;0;0;1;49;1;1
1398;12;0;0;0;0;0;42;1;0
3832;10;1;0;0;0;0;31;0;1
270;3;1;0;0;0;0;58;1;0
20946;13;0;0;0;0;1;19;0;0
10653;12;0;0;0;0;0;37;0;0
1915;8;1;0;0;0;0;NA;1;0
12855;18;1;0;0;0;0;27;0;1
12304;18;1;0;0;0;0;80;1;1
17811;13;1;0;0;0;0;56;1;1
2569;17;1;0;0;0;0;44;1;1
5004;12;0;0;0;0;0;33;0;0
1489;14;0;0;0;0;1;32;0;0
11705;17;1;0;0;0;0;66;1;1
15999;26;1;0;0;0;0;78;1;1
12809;13;0;0;0;0;0;NA;1;1
9487;14;1;0;0;0;0;42;0;1
12923;18;1;0;0;0;0;64;1;1
20275;17;0;0;0;0;0;36;1;0
17843;13;0;0;0;0;0;82;1;1
5015;12;0;0;0;0;0;81;1;0
4185;20;0;0;0;0;0;60;1;1
18201;19;0;0;0;0;0;24;0;0
23223;7;0;0;0;0;0;32;0;0
14555;21;0;0;0;0;0;74;1;1
16249;14;0;0;0;0;1;39;1;0
12110;26;0;0;0;0;0;37;0;1
9095;27;0;0;0;0;0;37;0;1
4003;8;0;0;0;0;0;27;1;1
20339;4;0;0;0;0;1;45;1;0
6274;11;1;0;0;0;0;67;1;1
19818;6;1;0;0;0;0;87;1;1
13517;26;0;0;0;0;0;30;1;1
704;11;0;0;0;0;0;35;1;1
14812;24;1;0;0;0;0;50;1;1
2051;20;0;0;0;0;1;25;1;0
6495;11;0;0;0;0;0;57;0;0
12643;9;1;0;0;0;0;44;0;1
125;25;0;0;0;0;0;41;1;0
22191;8;1;0;0;0;0;67;0;1
5288;9;1;0;0;0;0;34;1;1
6493;11;1;0;0;0;0;84;0;0
17416;16;0;0;0;0;0;47;1;0
5869;11;1;0;0;0;0;71;1;1
21103;22;0;0;0;0;0;90;1;1
13790;19;0;0;0;0;0;26;1;0
10989;24;1;0;0;0;0;36;1;1
3738;26;1;0;0;0;0;28;0;1
12849;18;1;0;0;0;0;51;0;1
20080;18;1;0;0;0;0;76;1;0
9325;4;0;0;0;0;0;19;0;0
7737;2;0;0;0;0;0;27;0;0
20923;8;1;0;0;0;0;82;1;0
2022;13;0;0;0;0;1;51;1;0
3577;18;1;0;0;0;0;84;1;1
15703;17;1;0;0;0;0;63;0;1
11041;24;0;0;0;0;0;67;1;1
6033;11;1;0;0;0;0;80;1;1
2883;8;0;0;0;0;0;28;1;0
5933;11;0;0;0;0;0;78;1;0
14232;15;0;0;0;0;0;76;1;1
938;28;1;0;0;0;0;48;0;1
21697;27;1;0;0;0;0;35;0;1
1919;8;0;0;0;0;0;36;1;0
5868;11;1;0;0;0;0;87;1;1
20327;17;1;0;0;0;1;76;1;1
10826;7;0;0;0;0;0;30;0;1
20249;17;0;0;0;0;0;34;1;1
16907;13;0;0;0;0;0;56;1;0
18873;30;0;0;0;0;1;24;0;1
3979;7;0;0;0;0;0;51;1;0
7749;2;0;0;0;0;0;54;1;0
7268;25;0;0;0;0;0;33;1;0
13270;15;0;0;0;0;1;39;0;0
13194;10;0;0;0;0;0;30;0;0
17919;11;0;0;0;0;0;32;0;0
15373;7;1;0;0;0;0;53;1;1
7828;26;1;0;0;0;0;53;1;1
9636;23;1;0;0;0;0;44;1;1
6814;24;1;0;0;0;0;34;1;1
1041;9;1;0;0;0;0;34;1;1
954;28;0;0;0;0;0;49;0;0
18259;19;0;0;0;0;0;30;1;0
12138;26;1;0;0;0;0;80;1;1
12366;26;1;0;0;0;0;71;1;1
18773;12;1;0;0;0;0;55;0;1
15616;2;0;0;0;0;0;50;0;0
12882;6;0;0;0;0;0;42;1;0
6846;2;1;0;0;0;0;46;1;1
3193;16;0;0;0;0;0;40;1;0
4262;3;1;0;0;0;0;68;1;0
9555;14;0;0;0;0;0;26;1;0
12947;18;1;0;0;0;0;84;0;1
19200;10;0;0;0;0;0;51;1;0
17092;13;0;0;0;0;1;47;0;0
21077;22;1;0;0;0;0;81;1;0
11815;5;0;0;0;0;1;53;1;0
19513;3;0;0;0;0;0;62;0;0
21662;27;1;0;0;0;0;35;1;1
175;25;1;0;0;0;0;61;0;0
17261;13;0;0;1;0;1;34;1;0
6366;11;1;0;0;0;0;81;1;1
11310;3;1;0;0;0;0;68;1;0
4987;12;0;0;0;0;0;66;1;0
15495;9;0;0;0;0;0;75;1;0
20554;30;0;0;0;0;0;36;0;1
10550;29;0;0;0;0;0;70;1;1
6363;11;1;0;0;0;0;91;1;1
3976;8;1;0;0;0;0;54;1;1
14363;12;0;0;0;0;0;41;0;0
4788;20;0;0;0;0;0;37;1;0
8133;17;0;0;0;0;0;76;1;1
22780;16;0;0;0;0;0;45;1;0
18930;22;0;0;0;0;0;85;1;0
22183;8;1;0;0;0;0;38;1;0
11369;2;0;0;0;0;0;26;0;1
21890;19;0;0;0;0;0;83;0;0
22216;20;0;0;0;0;0;60;1;0
12959;18;0;0;0;0;0;28;1;1
11148;5;0;0;0;0;0;24;1;0
8217;14;1;0;0;0;0;73;1;1
15162;10;0;0;0;0;0;34;1;0
19850;6;0;0;0;0;0;84;1;1
4266;7;0;0;0;0;0;33;1;1
5524;11;0;0;0;0;0;37;1;0
17764;15;0;0;0;0;0;31;1;0
2140;10;0;0;0;0;0;34;0;0
2400;5;0;0;0;0;0;23;0;1
590;27;1;0;0;0;0;32;0;0
4094;7;0;0;0;0;0;45;0;0
23318;7;1;0;0;0;0;46;1;1
1064;8;1;0;0;0;1;30;1;0
18760;12;1;0;0;0;0;43;0;1
1514;14;0;0;0;0;0;26;1;0
16644;6;1;0;0;0;0;45;1;0
20143;18;1;0;0;0;0;57;1;1
11;8;1;0;0;0;0;32;1;0
8615;17;0;0;0;0;0;43;1;0
19522;3;0;0;0;0;0;62;0;0
16481;16;0;0;0;0;0;40;1;0
9374;8;0;0;0;0;0;40;1;1
20790;10;1;0;0;0;0;39;1;1
3028;15;0;0;0;0;1;37;1;0
8989;26;0;0;0;0;0;22;0;0
13191;10;0;0;0;0;0;28;1;1
7747;2;1;0;0;0;0;48;1;1
8163;29;1;0;0;0;0;20;1;0
11544;24;0;0;0;0;0;31;1;0
174;27;1;0;0;0;0;70;1;0
12713;13;1;0;0;0;0;49;1;1
20920;8;0;0;1;0;1;33;0;0
17517;13;1;0;0;0;0;47;1;1
3986;7;1;0;0;0;0;51;1;1
15882;7;0;0;0;0;0;84;1;1
4984;12;0;0;0;0;0;27;1;0
21763;27;0;0;0;0;0;87;0;0
7551;24;1;0;0;0;0;76;1;1
21148;27;0;0;0;0;0;69;0;1
22722;24;0;0;0;0;0;48;1;0
2532;25;0;0;0;0;1;32;1;1
6135;11;0;0;0;0;0;71;1;0
20307;17;1;0;0;0;0;88;1;1
4787;20;0;0;0;0;0;69;0;0
18617;23;1;0;0;0;0;63;1;0
10416;8;0;0;0;0;0;35;1;1
8807;10;1;0;0;0;0;28;1;1
2789;8;1;0;0;0;0;25;1;1
19378;18;0;0;0;0;0;43;0;1
3305;14;0;0;0;0;0;43;0;0
10580;30;1;0;0;0;0;37;0;0
6850;2;0;0;0;0;0;52;1;1
6775;2;1;0;0;0;0;48;1;1
5557;11;0;0;0;0;0;83;1;0
3116;10;0;0;0;0;0;66;1;0
18511;23;0;0;0;0;0;79;0;0
9721;23;1;0;0;0;1;62;0;0
15924;7;0;0;0;0;0;50;1;1
18198;19;0;0;0;0;0;67;1;0
3851;2;1;0;0;0;0;38;0;1
2514;27;0;0;0;0;0;38;0;0
17176;13;0;0;0;0;0;26;1;0
14357;30;0;0;0;0;0;45;0;1
13447;15;1;0;0;0;0;59;1;1
17670;4;0;0;0;0;0;42;1;1
20170;17;1;0;0;0;0;45;0;1
22958;18;0;0;0;0;0;32;1;0
17157;11;0;0;0;0;0;40;1;0
17759;15;0;0;0;0;0;47;1;0
402;17;1;0;0;0;0;50;1;1
11020;17;1;0;0;0;0;NA;1;1
10778;22;1;0;0;0;0;53;1;1
6253;11;0;0;0;0;0;70;0;0
9014;25;1;0;0;0;0;61;1;1
7067;17;1;0;0;0;1;72;1;1
6514;11;0;0;0;0;0;91;1;0
19227;9;0;0;0;0;0;20;0;0
15501;9;0;0;0;0;0;57;0;0
22889;17;1;0;0;0;0;71;1;0
4910;12;0;0;0;0;0;49;0;0
8414;15;0;0;0;0;0;62;1;0
12493;20;1;0;0;0;0;54;1;1
2876;23;1;0;0;0;0;52;0;0
18203;19;0;0;0;0;0;47;1;0
21632;27;1;0;0;0;1;59;1;0
20676;27;1;0;0;0;0;64;1;0
22943;17;0;0;0;0;0;65;1;0
20683;27;1;0;0;0;0;78;1;0
19665;21;0;0;0;0;0;34;1;0
19103;21;0;0;0;0;0;23;1;0
17930;22;1;0;0;0;0;27;1;0
10138;27;1;0;0;0;0;52;1;1
14766;28;0;0;0;0;0;65;1;1
20022;18;0;0;0;0;0;41;0;0
13241;10;1;0;0;0;0;46;1;1
13068;10;0;0;0;0;0;41;1;1
8435;14;1;0;0;0;0;85;1;1
17027;11;1;0;0;0;1;76;0;1
21591;24;0;0;0;0;0;19;0;0
22237;20;0;0;0;0;0;22;0;0
17505;30;1;0;0;0;0;69;0;1
3397;26;1;0;0;0;0;76;1;0
19828;6;0;0;0;0;0;88;1;1
7944;10;0;0;0;0;0;25;0;0
18801;22;0;0;0;0;0;77;1;1
573;9;1;0;0;0;0;33;0;1
13070;10;0;0;0;0;0;54;1;0
3329;14;1;0;0;0;0;45;0;1
22987;17;0;0;0;0;0;60;0;0
12718;13;1;0;0;0;0;77;0;1
18349;20;1;0;1;0;1;59;1;0
23450;29;0;0;0;0;0;29;1;0
6687;2;0;0;0;0;0;28;0;0
3443;7;0;0;0;0;0;28;1;1
15815;7;0;0;0;0;0;66;1;1
5549;11;0;0;0;0;0;84;0;0
9314;4;0;0;0;0;0;24;0;0
3010;15;0;0;0;0;0;28;1;0
17129;11;1;0;0;0;0;38;1;1
15403;9;1;0;0;0;0;88;0;1
23363;7;0;0;0;0;0;30;1;0
13213;10;0;0;0;0;0;28;1;0
4294;27;1;0;0;0;0;75;1;1
2849;7;1;0;0;0;0;27;1;1
8767;9;0;0;0;0;0;27;1;0
20682;27;1;0;0;0;0;79;1;1
22702;26;0;0;0;0;0;53;0;0
20741;30;0;0;0;0;0;50;1;1
11142;6;1;0;0;0;0;51;1;1
21252;20;1;0;0;0;0;57;1;1
17442;10;0;0;0;0;0;19;0;0
10808;21;0;0;0;0;0;39;1;1
11867;17;0;0;0;0;0;38;0;1
15773;2;0;0;0;0;0;29;1;1
12898;6;1;0;0;0;0;53;1;0
3903;21;1;0;0;0;0;87;1;1
1129;9;0;0;0;0;0;37;0;0
21664;24;0;0;0;0;0;23;1;1
21614;24;1;0;0;0;0;52;1;1
1124;9;1;0;0;0;0;77;0;1
7307;24;0;0;0;0;0;43;1;0
4511;23;0;0;0;0;0;38;1;1
12396;3;0;0;0;0;0;58;1;0
18196;19;0;0;0;0;0;80;0;0
13134;6;1;0;0;0;0;57;0;1
13284;16;1;0;0;0;0;36;1;1
7350;25;0;0;0;0;1;79;0;0
22358;30;0;0;0;0;0;36;1;0
16594;23;1;0;0;0;0;35;1;1
14418;22;0;0;0;0;0;60;1;1
19817;6;1;0;0;0;0;63;1;1
8098;14;1;0;0;0;0;67;0;1
2944;8;0;0;0;0;0;27;1;1
7103;20;1;0;0;0;0;44;1;1
13691;15;0;0;0;0;0;57;1;0
13669;15;0;0;0;0;0;23;1;0
6583;11;1;0;0;0;0;81;1;1
15766;2;1;0;0;0;0;51;0;1
17084;11;0;0;0;0;0;55;0;1
3777;26;0;0;0;0;0;78;0;0
6774;24;0;0;0;0;0;30;1;0
3857;21;0;0;0;0;0;27;0;0
15396;9;0;0;0;0;0;81;1;0
18742;13;1;0;0;0;0;56;0;1
2067;20;1;0;0;0;0;66;1;0
6475;11;1;0;0;0;0;61;1;1
3935;21;1;0;0;0;0;54;1;0
1156;29;0;0;0;0;0;34;0;1
1106;8;0;0;0;0;0;54;1;0
2084;20;0;0;0;0;0;37;0;0
14687;10;1;0;0;0;0;34;1;0
16658;19;1;0;0;0;0;44;1;1
3823;10;1;0;1;0;1;74;0;0
10357;6;1;0;0;0;0;75;1;1
1835;30;1;0;0;0;0;26;1;1
4039;18;0;0;0;0;0;34;1;1
15794;7;0;0;0;0;1;64;1;0
14730;22;0;0;0;0;0;60;1;0
10693;21;0;0;0;0;0;22;0;0
4628;2;0;0;0;0;1;40;1;1
14549;21;0;0;0;0;0;NA;0;0
16028;9;0;0;0;0;0;28;1;0
23236;7;0;0;0;0;0;26;1;1
1246;29;0;0;0;0;0;80;1;0
8157;29;0;0;0;0;0;79;1;1
16880;13;1;0;0;0;0;57;1;1
3622;18;0;0;0;0;0;37;1;0
21987;19;1;0;0;0;0;26;1;0
12963;18;1;0;0;0;0;34;1;1
1675;26;1;0;0;0;0;75;1;1
8304;15;0;0;0;0;0;62;1;0
16366;5;0;0;0;0;0;57;0;0
23416;7;1;0;0;0;0;64;1;1
5063;14;0;0;0;0;0;33;0;0
12222;6;1;0;0;0;0;58;0;1
10093;15;1;0;0;0;1;31;1;0
10654;12;0;0;0;0;0;30;1;0
10437;8;0;0;0;0;0;23;1;0
9659;7;0;0;0;0;1;30;0;0
9407;27;0;0;0;0;1;49;1;1
12069;26;1;0;0;0;0;46;1;1
15248;9;0;0;0;0;0;34;1;0
19057;29;1;0;0;0;0;47;0;1
17461;26;0;0;0;0;0;59;1;1
11356;7;0;0;0;0;0;44;1;0
4586;27;0;0;0;0;0;35;1;1
14451;22;1;0;0;0;0;60;1;1
4066;28;1;0;0;0;0;73;1;1
15765;2;0;0;0;0;0;21;1;0
2251;28;0;0;0;0;0;27;1;0
12654;3;1;0;0;0;0;73;1;1
10442;8;0;0;0;0;0;65;1;0
3685;4;1;0;0;0;0;40;1;1
23337;22;0;0;0;0;0;34;1;0
6722;24;1;0;0;0;1;46;1;1
22818;25;1;0;0;0;0;49;1;0
19291;3;0;0;0;0;0;19;0;0
6049;11;1;0;0;0;0;89;0;1
21090;22;0;0;0;0;0;55;1;1
22023;19;1;0;0;0;0;52;1;1
8214;14;0;0;0;0;0;57;0;0
21805;27;1;0;0;0;0;82;0;0
5753;11;0;0;1;0;1;82;1;0
5547;11;0;0;0;0;0;76;1;0
11178;4;0;0;0;0;0;23;1;0
11196;3;1;0;1;0;1;82;1;1
11453;2;1;0;0;0;0;25;1;0
5386;10;1;0;0;0;1;43;1;1
11917;20;0;0;0;0;0;89;1;0
11414;7;0;0;0;0;0;49;1;1
20274;17;1;0;0;0;0;51;1;1
15266;9;0;0;0;0;0;30;1;0
11765;19;1;0;0;0;0;63;1;0
17997;19;0;0;0;0;0;82;1;1
19611;17;1;0;0;0;0;59;1;1
7327;3;0;0;0;0;0;37;1;0
9582;2;0;0;0;0;0;50;1;0
23354;7;0;0;0;0;0;24;1;0
9573;2;0;0;0;0;0;20;0;0
19228;8;0;0;0;0;0;28;1;1
4068;21;1;0;0;0;0;74;1;1
16120;12;0;0;0;0;0;47;1;0
13455;14;0;0;0;0;0;41;0;1
2150;10;1;0;0;0;0;35;0;1
14511;9;1;0;0;0;0;58;1;1
15234;9;0;0;0;0;0;27;1;0
18372;21;1;0;0;0;0;47;1;0
18404;21;1;0;0;0;0;25;1;1
986;26;1;0;0;0;0;50;0;1
20553;30;0;0;0;0;0;46;1;1
18814;22;0;0;0;0;0;84;1;0
13000;20;1;0;0;0;0;32;1;1
6429;11;1;0;0;0;0;78;0;1
15322;7;0;0;0;0;1;67;0;0
2492;25;1;0;0;0;0;76;1;1
22173;27;0;0;0;0;0;33;1;0
8333;15;1;0;0;0;1;55;1;1
8623;17;0;0;0;0;0;35;0;0
9801;27;0;0;0;0;0;91;1;1
16568;23;0;0;0;0;0;54;1;0
19866;6;1;0;0;0;0;86;1;0
23225;7;1;0;0;0;0;48;1;1
22564;23;0;0;0;0;0;74;1;1
17753;15;1;0;0;0;0;82;0;1
12285;18;1;0;0;0;0;40;1;1
22807;22;1;0;0;0;0;35;0;1
19618;17;1;0;0;0;0;41;1;1
19636;17;0;0;0;0;0;41;1;1
20868;3;0;0;0;0;0;22;1;1
13489;26;1;0;0;0;0;76;1;1
14620;9;1;0;0;0;0;73;1;0
4263;3;0;0;0;0;0;37;0;0
9298;4;1;0;0;0;0;79;0;1
2444;25;0;0;0;0;0;36;1;0
21356;25;1;0;0;0;0;87;1;1
6577;11;0;0;0;0;0;88;1;0
14583;20;1;0;0;0;0;47;1;0
670;12;0;0;0;0;0;30;0;0
5943;11;0;0;0;0;0;77;0;0
23393;7;1;0;0;0;0;76;0;1
21996;19;0;0;0;0;0;25;0;0
20919;8;0;0;0;0;0;36;0;1
10663;21;1;0;0;0;0;39;1;0
10974;9;0;0;0;0;0;22;1;0
9363;8;0;0;0;0;0;39;1;0
6292;11;1;0;1;0;1;67;0;1
12097;26;0;0;0;0;0;57;0;1
6765;25;1;0;0;0;0;64;1;1
21271;24;0;0;0;0;0;54;0;1
6091;11;0;0;0;0;1;66;1;0
16536;15;0;0;0;0;0;70;0;1
22848;18;1;0;0;0;0;85;1;1
645;10;0;0;0;0;0;28;0;0
19549;3;0;0;0;0;0;83;1;0
14163;9;0;0;0;0;0;28;0;0
19490;3;0;0;0;0;0;86;1;1
16797;5;0;0;0;0;0;34;1;0
7690;2;1;0;0;0;0;21;1;0
21537;12;0;0;0;0;0;75;1;1
12825;13;0;0;0;0;0;37;1;1
17203;11;1;0;0;0;0;41;1;1
1753;30;0;0;0;0;0;24;1;0
15997;26;0;0;0;0;0;24;1;0
11214;5;0;0;0;0;0;32;0;0
23241;7;1;0;0;0;0;49;1;1
6407;11;0;0;0;0;0;70;1;1
11934;21;0;0;0;0;0;40;0;0
19341;18;0;0;0;0;0;63;1;0
13781;19;0;0;0;0;0;27;0;0
11611;8;1;0;1;0;1;60;1;1
11585;24;0;0;0;0;0;35;0;0
14877;28;0;0;0;0;0;30;1;0
12680;13;1;0;0;0;0;67;1;1
5835;11;1;0;0;0;0;78;1;1
8467;15;0;0;0;0;0;39;1;1
9189;27;1;0;0;0;0;34;1;0
11331;3;0;0;0;0;0;69;1;1
10840;7;0;0;1;0;1;22;1;0
12562;27;1;0;0;0;0;29;1;0
10530;29;1;0;0;0;0;84;0;1
6154;11;1;0;0;0;0;76;0;1
1017;27;0;0;0;0;0;77;0;1
10945;30;1;0;0;0;0;81;1;1
3373;14;0;0;0;0;0;71;1;0
4692;19;0;0;0;0;0;33;1;0
1798;30;0;0;0;0;0;23;0;0
11087;6;0;0;0;0;0;60;1;1
1920;29;1;0;0;0;0;21;1;0
5777;11;0;0;0;0;0;95;0;0
1811;30;0;0;0;0;0;28;0;0
19922;6;1;0;0;0;0;80;1;1
12168;12;1;0;0;0;1;75;1;0
6840;24;0;0;0;0;0;21;0;1
1533;20;1;0;0;0;0;29;1;0
1826;30;0;0;0;0;0;41;1;1
13502;26;0;0;0;0;0;74;1;1
17252;13;0;0;0;0;0;58;1;0
15430;9;0;0;0;0;0;58;1;0
19624;17;1;0;0;0;0;58;1;1
13788;19;1;0;0;0;0;29;1;1
4687;19;1;0;0;0;0;51;1;0
20841;8;0;0;0;0;0;44;1;1
15653;23;1;0;0;0;0;55;1;1
4291;27;1;0;0;0;0;39;1;0
19465;3;0;0;0;0;0;45;1;1
16771;19;0;0;0;0;0;44;1;1
13019;20;0;0;0;0;0;35;1;0
13337;30;0;0;0;0;0;34;1;0
18603;23;0;0;0;0;0;67;1;0
3218;25;0;0;0;0;0;80;1;1
19105;21;0;0;0;0;0;39;0;0
22976;18;1;0;0;0;0;40;0;1
981;26;1;0;0;0;0;71;1;1
9132;27;1;0;0;0;0;42;1;1
14712;22;0;0;0;0;0;69;1;1
6531;11;0;0;0;0;0;70;0;0
23291;7;1;0;0;0;0;73;1;1
14440;22;0;0;0;0;0;53;1;0
7884;12;0;0;0;0;0;91;0;0
14613;20;1;0;0;0;0;46;1;1
4299;27;1;0;0;0;0;66;1;0
21025;23;1;0;0;0;0;43;1;0
10479;6;1;0;0;0;0;74;1;0
14272;18;0;0;0;0;0;37;1;1
20335;4;0;0;0;0;0;40;1;0
8393;14;0;0;0;0;0;80;0;1
10906;17;1;0;0;0;0;42;1;1
21091;22;1;0;0;0;0;57;1;0
19171;10;0;0;0;0;0;43;0;0
11271;3;0;0;0;0;0;48;1;0
11586;28;1;0;0;0;0;44;1;1
22470;20;0;0;0;0;0;42;1;1
4389;6;0;0;0;0;0;38;1;0
4265;3;0;0;0;0;0;93;1;0
19265;6;0;0;0;0;0;43;1;0
20484;6;1;0;0;0;0;78;1;0
19181;10;0;0;0;0;0;41;1;0
1658;2;0;0;0;0;0;45;0;0
11759;19;0;0;0;0;0;37;0;0
11870;17;0;0;0;0;0;31;0;0
9058;27;1;0;0;0;0;35;1;1
12776;13;1;0;0;0;0;54;1;1
8284;14;1;0;0;0;0;54;1;1
16042;9;0;0;0;0;0;31;1;0
9091;27;1;0;0;0;0;49;1;1
17950;8;0;0;0;0;0;52;0;1
15685;27;0;0;0;0;0;53;1;0
2891;7;0;0;0;0;0;24;1;0
7922;10;0;0;0;0;0;96;1;0
853;17;0;0;0;0;0;31;1;0
5553;11;1;0;0;0;0;87;1;1
14651;9;0;0;0;0;0;30;1;0
22809;25;1;0;0;0;0;54;1;1
15714;12;0;0;0;0;0;58;0;0
14739;22;0;0;0;0;0;40;1;1
11313;3;1;0;0;0;0;46;1;1
2402;7;1;0;0;0;0;28;1;1
14598;20;1;0;0;0;0;63;1;0
22693;28;1;0;0;0;0;60;1;1
20685;27;1;0;0;0;1;67;1;0
18933;22;0;0;0;0;0;27;1;0
756;25;0;0;0;0;0;54;1;0
21076;30;0;0;0;0;0;46;0;0
21119;22;0;0;0;0;0;79;1;0
5353;14;1;0;0;0;0;36;1;1
8837;27;1;0;0;0;0;79;1;1
9462;14;0;0;0;0;0;42;0;0
16306;14;1;0;0;0;0;48;1;1
9611;23;0;0;0;0;0;80;1;1
19370;29;0;0;0;0;0;46;1;0
8014;16;0;0;0;0;0;46;1;1
5423;8;0;0;0;0;0;65;0;0
18946;26;1;0;0;0;0;44;1;1
18521;24;1;0;0;0;0;48;1;1
11521;2;0;0;0;0;0;28;1;0
16777;19;0;0;0;0;0;31;1;0
14427;21;0;0;0;0;0;37;1;1
7748;2;1;0;0;0;0;73;1;1
14428;21;0;0;0;0;0;75;1;1
16710;19;0;0;0;0;0;24;1;0
17368;20;1;0;0;0;0;48;1;0
21674;28;1;0;0;0;0;55;1;0
15448;7;0;0;0;0;0;24;1;0
12421;22;0;0;0;0;0;40;1;1
7672;24;1;0;0;0;0;32;1;1
1262;27;0;0;0;0;0;21;0;0
2435;25;0;0;0;0;0;61;1;0
2521;27;1;0;0;0;0;53;1;1
642;9;1;0;0;0;0;51;1;1
8137;17;0;0;0;0;0;64;1;0
21829;28;0;0;0;0;0;23;0;0
7519;24;0;0;0;0;0;24;1;0
16217;24;0;0;0;0;0;32;1;0
458;3;0;0;0;0;0;19;0;0
15834;7;1;0;0;0;1;29;1;0
1499;14;0;0;0;0;0;41;1;0
11392;7;0;0;0;0;0;41;1;0
12895;6;1;0;0;0;1;38;1;1
18921;22;0;0;0;0;0;54;1;0
11317;3;0;0;0;0;0;25;1;0
21301;27;0;0;0;0;0;20;0;0
13582;8;1;0;0;0;0;28;1;1
13256;16;0;0;0;0;0;43;1;0
459;3;1;0;0;0;0;61;1;1
13123;4;1;0;0;0;0;54;1;1
6423;11;1;0;0;0;0;77;1;1
5628;11;0;0;0;0;0;34;0;0
5791;11;0;0;0;0;0;88;1;0
8434;14;0;0;0;0;0;92;1;0
15646;2;0;0;0;0;0;22;0;0
3188;16;0;0;0;0;0;31;1;0
22458;20;0;0;0;0;0;43;1;0
21310;27;0;0;0;0;0;39;1;1
1637;22;1;0;0;0;0;70;1;1
4960;20;0;0;0;0;0;64;1;0
14212;15;0;0;0;0;0;22;0;0
10441;8;0;0;0;0;0;34;1;0
19885;6;0;0;0;0;1;77;1;1
41;4;0;0;0;0;1;26;1;0
1730;30;0;0;0;0;0;36;1;0
5790;11;0;0;0;0;1;69;1;0
22057;10;0;0;0;0;0;52;0;0
20294;2;1;0;0;0;0;76;1;1
9641;23;0;0;0;0;0;48;1;1
5658;11;0;0;0;0;0;81;1;0
9381;8;0;0;0;0;0;27;0;0
9360;8;0;0;0;0;1;54;1;0
12397;7;0;0;0;0;0;41;0;0
6628;11;0;0;0;0;0;82;1;0
16638;4;0;0;0;0;0;32;1;0
19252;6;0;0;0;0;0;30;1;0
2138;10;1;0;0;0;0;44;1;1
21625;27;0;0;0;0;0;32;0;1
6108;11;0;0;0;0;0;29;1;0
4836;22;0;0;0;0;0;66;1;1
12187;2;0;0;0;0;0;26;1;0
17685;4;0;0;0;0;0;33;1;0
13842;24;1;0;0;0;0;26;0;0
9145;26;1;0;0;0;0;70;1;1
6717;24;0;0;0;0;0;28;1;0
4121;7;0;0;0;0;0;20;1;0
18184;19;1;0;0;0;0;63;1;1
1321;15;0;0;0;0;0;28;0;1
8458;14;1;0;0;0;0;58;1;0
10499;29;1;0;0;0;0;71;1;0
9771;12;0;0;0;0;1;37;0;1
14122;12;1;0;0;0;0;40;0;1
8558;13;0;0;0;0;0;25;0;0
4690;19;0;0;0;0;1;30;1;0
10556;21;1;0;0;0;0;78;1;0
11897;21;1;0;0;0;0;77;1;0
20475;6;0;0;0;0;1;89;1;0
10633;16;0;0;0;0;0;43;1;0
5261;27;0;0;0;0;0;43;1;0
22385;30;0;0;0;0;0;52;1;0
6865;23;0;0;0;0;0;26;0;0
7636;24;1;0;0;0;0;29;1;0
7677;24;1;0;0;0;0;34;0;1
8207;14;0;0;0;0;0;38;1;0
3989;7;0;0;0;0;0;30;1;1
19040;29;0;0;0;0;0;34;1;0
7946;10;1;0;0;0;0;47;1;1
7392;28;1;0;0;0;0;70;1;1
22620;24;0;0;0;0;0;52;1;1
21710;27;0;0;0;0;0;41;0;1
22750;16;1;0;0;0;0;69;1;1
19414;13;0;0;0;0;1;48;1;1
16557;15;0;0;0;0;1;38;1;0
15699;13;0;0;0;0;0;23;1;0
15190;10;0;0;0;0;1;45;1;0
7881;12;0;0;0;0;0;36;1;1
20580;27;0;0;0;0;0;62;1;0
15642;2;0;0;0;0;0;27;1;0
7081;17;0;0;0;0;1;28;0;1
5922;11;1;0;0;0;0;80;1;1
406;17;1;0;0;0;0;69;1;1
16164;24;0;0;0;0;0;28;1;0
1279;16;1;0;0;0;0;62;1;1
19472;3;0;0;0;0;0;21;0;0
8146;17;0;0;0;0;0;73;0;0
15503;9;0;0;0;0;0;52;1;0
4416;23;0;0;0;0;0;40;1;0
16002;26;0;0;0;0;1;24;0;0
18536;28;0;0;0;0;0;32;1;0
17415;16;0;0;0;0;0;85;1;0
2995;15;1;0;0;0;0;38;1;0
16403;5;0;0;0;0;0;19;0;0
20474;6;1;0;0;0;0;53;1;1
20444;6;1;0;0;0;0;50;1;1
15504;9;0;0;0;0;0;68;1;0
15108;8;0;0;0;0;0;34;0;0
23423;22;0;0;0;0;0;28;0;1
16033;8;0;0;0;0;0;35;0;0
14658;9;0;0;0;0;0;82;1;0
11848;18;0;0;0;0;0;55;1;1
5440;11;0;0;0;0;0;29;0;0
1162;29;1;0;0;0;0;68;1;0
18856;30;0;0;0;0;1;23;0;0
14783;28;0;0;0;0;0;23;1;0
20184;17;1;0;0;0;0;47;0;1
23069;8;0;0;0;0;0;48;0;0
4365;27;1;0;0;0;0;29;1;1
5765;11;1;0;0;0;0;78;1;1
10535;29;1;0;0;0;0;79;1;1
17101;11;0;0;0;0;0;26;0;0
7269;25;0;0;0;0;1;24;0;0
3402;26;0;0;0;0;0;73;1;0
15870;7;1;0;0;0;0;69;1;0
17576;30;0;0;0;0;0;24;1;0
7932;10;1;0;0;0;0;37;1;1
9268;4;1;0;0;0;0;53;1;0
9668;23;1;0;0;0;0;50;1;0
21209;25;1;0;0;0;0;37;1;0
9727;18;1;0;0;0;0;76;1;1
5187;23;1;0;0;0;0;64;1;1
1946;24;1;0;0;0;0;55;1;0
5124;2;0;0;0;0;1;27;0;1
13845;24;1;0;0;0;0;42;1;1
2136;10;1;0;0;0;0;50;1;1
9244;12;1;0;0;0;0;39;1;0
9242;12;1;0;0;0;0;36;1;0
335;4;0;0;0;0;0;60;1;0
3524;7;0;0;0;0;0;41;0;0
13528;2;0;0;0;0;0;49;1;0
3756;26;0;0;0;0;0;32;0;0
13990;25;0;0;0;0;1;65;1;1
22307;10;1;0;0;0;0;33;1;0
21815;28;0;0;0;0;0;37;1;0
14599;20;1;0;0;0;0;48;0;0
12423;22;0;0;0;0;0;39;1;1
20689;27;1;0;0;0;1;68;1;0
4759;21;0;0;0;0;0;84;1;1
15273;7;0;0;0;0;1;31;1;0
9258;11;0;0;0;0;0;82;1;0
11827;18;0;0;0;0;1;86;0;1
946;28;1;0;0;0;0;42;1;1
5618;11;0;0;0;0;0;43;1;0
3749;26;0;0;0;0;0;38;1;0
16655;17;0;0;0;0;0;23;0;0
5146;23;1;0;0;0;0;66;0;1
20219;17;1;0;0;0;0;82;0;1
21122;22;1;0;0;0;0;58;1;0
3488;28;1;0;0;0;0;57;1;1
2895;7;0;0;0;0;0;58;0;1
22483;20;1;0;0;0;0;38;1;0
16984;12;0;0;0;0;1;51;0;0
1095;9;0;0;0;0;0;27;0;0
22146;25;0;0;0;0;0;55;0;1
12099;26;1;0;0;0;0;37;1;0
11533;24;0;0;0;0;0;40;1;0
7804;11;1;0;0;0;0;59;1;1
19706;4;0;0;0;0;0;34;1;0
17088;13;0;0;0;0;0;19;1;0
4417;23;0;0;0;0;0;33;0;0
1352;15;0;0;0;0;0;21;1;0
11253;6;0;0;0;0;0;29;1;0
19630;17;0;0;0;0;0;43;1;0
6079;11;1;0;0;0;0;73;1;1
6167;11;1;0;0;0;1;83;1;1
11212;3;0;0;0;0;0;66;0;1
4182;20;1;0;0;0;0;43;1;1
15232;9;0;0;0;0;0;50;0;0
21494;25;0;0;0;0;0;43;1;0
9438;14;0;0;0;0;0;50;1;1
22749;16;1;0;0;0;0;38;1;1
8640;21;1;0;0;0;1;55;1;1
3833;10;1;0;0;0;0;31;1;1
15327;9;0;0;0;0;0;37;1;0
7042;24;1;0;0;0;0;47;1;1
190;18;0;0;0;0;1;32;1;0
4584;29;1;0;0;0;0;65;1;1
3993;7;1;0;0;0;0;38;1;1
8259;14;0;0;0;0;0;33;1;0
19551;3;0;0;0;0;0;83;1;1
18032;16;0;0;0;0;0;41;1;0
2945;23;0;0;0;0;0;21;0;0
13620;15;0;0;0;0;1;60;1;0
7136;23;0;0;0;0;0;30;1;0
16493;16;0;0;0;0;0;30;1;0
2628;14;0;0;0;0;0;57;1;0
13385;12;0;0;0;0;0;51;1;1
7336;3;1;0;0;0;0;28;1;0
12765;13;0;0;0;0;0;40;0;1
1620;22;1;0;0;0;0;71;1;0
4176;3;1;0;0;0;0;25;0;0
21771;27;0;0;0;0;0;27;1;0
2460;25;0;0;0;0;0;63;0;0
21776;28;0;0;0;0;0;36;0;1
7451;25;0;0;0;0;0;29;0;1
21789;28;0;0;0;0;0;18;0;0
6474;11;0;0;0;0;1;63;1;0
18015;7;0;0;0;0;0;31;1;0
20075;18;1;0;0;0;0;78;1;1
4259;3;0;0;0;0;0;99;1;1
11411;7;0;0;0;0;1;24;1;0
1175;27;0;0;0;0;0;64;0;1
7787;27;1;0;0;0;0;71;1;1
21522;12;1;0;0;0;0;52;1;1
17833;13;1;0;0;0;0;NA;1;0
21157;10;0;0;0;0;0;53;1;1
22276;10;1;0;0;0;1;86;1;1
6184;11;0;0;0;0;0;84;1;0
20230;17;1;0;0;0;0;43;1;1
22930;17;1;0;0;0;0;66;1;1
12239;5;0;0;0;0;0;74;1;0
16259;14;0;0;0;0;0;21;0;0
5328;14;0;0;0;0;0;32;1;1
20796;3;0;0;0;0;0;45;0;1
3115;6;0;0;0;0;0;32;1;0
2358;10;0;0;0;0;0;37;1;0
11137;6;0;0;0;0;0;49;1;1
6426;11;1;0;0;0;0;68;1;1
13208;10;0;0;0;0;1;35;1;1
11579;24;1;0;0;0;0;47;1;0
9474;14;1;0;0;0;0;66;1;1
304;27;0;0;0;0;0;45;1;0
5169;7;0;0;0;0;0;38;1;0
10224;6;0;0;0;0;0;30;0;0
1093;9;0;0;0;0;1;26;0;0
6715;24;0;0;0;0;0;55;1;1
23394;7;0;0;0;0;0;39;1;0
11794;20;1;0;0;0;0;62;1;1
13011;20;1;0;0;0;0;34;1;0
14916;12;1;0;0;0;0;65;1;1
18373;21;0;0;0;0;0;49;1;0
1218;29;0;0;0;0;0;43;0;1
20668;30;0;0;0;0;0;22;1;1
21563;12;0;0;0;0;0;54;1;0
12786;13;0;0;0;0;0;33;1;0
3030;15;0;0;0;0;0;50;0;0
1353;15;1;0;0;0;0;27;1;0
13634;17;0;0;0;0;1;78;1;0
4667;19;1;0;0;0;0;53;1;1
3758;26;1;0;0;0;0;90;1;0
11876;17;1;0;0;0;0;81;1;1
5781;11;0;0;0;0;0;77;1;0
11974;15;1;0;0;0;0;59;1;1
15400;7;0;0;0;0;0;39;1;0
22076;19;1;0;0;0;0;31;1;0
11328;3;0;0;0;0;0;73;1;0
20849;8;1;0;0;0;0;44;0;1
6287;11;1;0;0;0;0;76;0;1
6193;11;0;0;0;0;0;82;1;0
20159;17;1;0;0;0;0;77;1;1
13373;12;0;0;0;0;0;32;1;0
20679;27;0;0;0;0;0;73;1;0
1126;9;0;0;0;0;0;38;1;0
1265;29;1;0;0;0;0;53;0;0
18566;21;0;0;0;0;0;73;1;0
13323;30;1;0;0;0;0;60;1;1
14520;9;0;0;0;0;0;32;1;1
10515;29;1;0;0;0;0;68;1;0
15198;9;0;0;0;0;0;42;0;0
1986;18;1;0;0;0;0;82;1;1
11467;7;0;0;0;0;0;48;1;1
21439;27;1;0;0;0;0;41;1;0
10809;21;0;0;0;0;1;22;1;0
19711;4;0;0;0;0;0;84;1;1
5473;11;0;0;0;0;0;39;1;0
6328;11;1;0;0;0;0;79;1;1
16085;15;0;0;0;0;0;50;1;0
23334;22;0;0;0;0;0;33;1;0
5514;13;0;0;0;0;1;38;1;1
6788;25;0;0;0;0;1;26;0;0
14364;12;0;0;0;0;0;41;0;0
3313;14;0;0;0;0;0;NA;1;0
16044;17;0;0;0;0;0;68;1;1
846;23;0;0;0;0;0;26;1;0
10130;27;1;0;0;0;0;82;1;1
11458;2;0;0;0;0;0;27;1;1
12068;26;0;0;0;0;0;79;1;1
10645;16;0;0;0;0;0;34;1;0
7285;25;0;0;0;0;0;39;1;0
16551;16;0;0;0;0;0;47;1;0
10084;14;1;0;0;0;0;74;1;1
2486;25;1;0;0;0;0;50;1;0
5266;27;1;0;0;0;0;72;1;1
12885;6;0;0;0;0;0;73;1;0
3058;17;0;0;0;0;0;75;0;1
14895;28;0;0;0;0;0;40;1;1
22742;16;0;0;0;0;0;83;1;1
14899;24;0;0;0;0;0;37;0;1
14841;28;0;0;0;0;0;44;0;0
492;14;0;0;0;0;0;32;1;0
21982;10;0;0;0;0;0;25;0;0
5878;11;1;0;0;0;0;80;0;1
21438;27;0;0;0;0;0;33;0;0
3818;10;0;0;0;0;0;78;0;0
21066;30;0;0;0;0;0;42;1;0
6459;11;0;0;0;0;0;85;0;0
17211;11;0;0;1;0;1;32;0;0
17617;12;0;0;0;0;0;64;1;1
8046;27;0;0;0;0;0;32;0;1
4354;27;1;0;0;0;1;42;0;1
2466;25;0;0;0;0;0;72;1;1
20077;18;1;0;0;0;0;72;1;1
6398;11;0;0;0;0;0;81;0;0
5847;11;1;0;0;0;0;84;1;1
1395;12;0;0;0;0;0;38;1;0
2413;7;0;0;0;0;0;26;1;0
21950;10;0;0;0;0;0;31;0;0
16525;15;1;0;0;0;0;55;1;1
17728;13;0;0;0;0;0;58;1;0
20193;17;1;0;0;0;0;49;1;1
6158;11;0;0;0;0;0;72;0;0
6463;11;0;0;0;0;0;78;1;0
1478;14;0;0;0;0;0;37;0;0
5981;11;1;0;0;0;0;92;1;1
14654;9;1;0;0;0;0;82;1;1
19026;29;0;0;0;0;0;45;1;0
9768;12;0;0;0;0;0;83;1;0
22739;16;0;0;0;0;0;83;1;1
14678;9;1;0;0;0;0;25;0;0
13104;10;0;0;0;0;0;27;0;1
639;9;1;0;0;0;0;43;0;1
17103;13;0;0;0;0;0;41;0;0
9420;14;0;0;0;0;0;27;1;1
4852;22;0;0;1;0;1;88;1;0
8050;27;1;0;0;0;0;49;0;1
5852;11;1;0;0;0;1;54;1;1
22220;20;1;0;0;0;0;27;1;0
2414;7;0;0;0;0;1;28;1;0
22011;19;0;0;0;0;0;32;1;1
6360;11;0;0;0;0;0;58;1;0
20876;10;1;0;0;0;1;61;1;1
1522;14;1;0;0;0;0;49;0;1
5430;11;0;0;0;0;1;24;1;0
2060;20;0;0;0;0;1;40;0;1
15444;7;0;0;1;0;1;37;0;0
18892;6;0;0;0;0;0;52;1;1
10266;3;1;0;0;0;0;52;1;1
7026;9;0;0;0;0;0;37;1;0
10514;29;1;0;0;0;0;69;1;1
4320;23;0;0;0;0;0;84;1;0
3467;28;1;0;0;0;1;37;1;1
13217;10;0;0;0;0;0;45;0;1
5183;23;0;0;0;0;0;44;0;0
13590;8;1;0;0;0;0;54;1;1
5546;11;1;0;0;0;0;46;0;1
10473;6;0;0;0;0;0;31;0;0
11448;2;0;0;0;0;0;29;1;0
21318;25;1;0;0;0;0;38;1;1
19941;6;0;0;0;0;0;94;1;0
14848;28;0;0;0;0;0;76;0;1
14149;12;0;0;0;0;0;42;0;0
11859;25;1;0;0;0;0;48;1;1
16038;9;1;0;0;0;0;24;0;1
10099;15;0;0;0;0;1;37;0;1
15429;7;0;0;0;0;0;33;0;0
11255;6;1;0;0;0;0;52;1;0
6147;11;1;0;0;0;0;76;1;1
1659;22;0;0;0;0;0;23;1;1
3977;8;1;0;0;0;0;31;1;0
6972;9;0;0;0;0;0;29;1;0
17141;13;0;0;0;0;0;33;0;0
16498;16;0;0;0;0;0;38;1;0
15279;7;0;0;0;0;1;44;0;1
6293;11;0;0;0;0;0;84;1;0
19761;6;0;0;0;0;0;73;1;1
4924;12;0;0;0;0;0;36;1;1
22808;22;0;0;0;0;0;35;1;1
16573;23;1;0;0;0;0;47;0;1
6974;9;0;0;0;0;0;30;1;0
9545;17;0;0;0;0;0;33;0;0
10306;18;0;0;0;0;0;92;1;0
17898;11;0;0;0;0;1;76;1;0
10592;30;1;0;0;0;0;71;0;1
1058;8;0;0;0;0;0;49;1;1
6741;24;1;0;0;0;0;41;0;0
14507;9;1;0;0;0;0;55;1;1
1458;9;0;0;0;0;0;32;1;0
8713;18;1;0;0;0;0;91;0;1
19645;17;0;0;0;0;0;32;1;0
8918;27;0;0;0;0;0;52;1;0
21257;20;1;0;0;0;0;18;0;0
20272;17;1;0;0;0;1;63;1;1
6576;11;0;0;0;0;1;68;0;0
16939;13;1;0;0;0;0;75;1;1
18225;19;1;0;0;0;0;35;1;0
15392;7;1;0;0;0;0;43;0;1
18500;23;0;0;0;0;0;44;1;0
16494;16;0;0;0;0;0;49;1;0
15377;7;0;0;0;0;0;41;1;0
21777;28;1;0;0;0;0;33;0;0
19278;3;1;0;0;0;0;80;1;1
1779;30;0;0;0;0;0;44;0;0
17165;13;1;0;0;0;0;50;1;1
18464;20;0;0;0;0;0;26;1;1
13237;10;0;0;0;0;0;50;1;1
5040;4;1;0;0;0;0;34;1;1
9950;14;0;0;0;0;1;33;1;0
23351;7;0;0;0;0;0;39;0;0
4777;20;1;0;0;0;0;35;1;1
11286;3;0;0;0;0;0;59;0;1
6357;11;1;0;0;0;0;78;1;1
19752;6;1;0;0;0;0;78;0;1
2282;28;0;0;0;0;0;38;1;0
9690;21;1;0;0;0;0;53;0;1
19777;6;0;0;0;0;0;73;1;1
21261;24;1;0;0;0;0;54;1;1
15242;9;0;0;0;0;0;30;0;1
6104;11;1;0;0;0;0;78;1;1
17964;8;0;0;0;0;0;29;0;1
9850;2;1;0;0;0;0;60;0;1
19208;9;0;0;0;0;0;41;0;1
5159;2;0;0;0;0;0;33;0;1
9026;27;1;0;0;0;0;41;0;0
4877;22;1;0;0;0;0;60;1;1
5573;11;0;0;0;0;0;40;0;0
10854;19;1;0;0;0;0;42;1;1
18410;21;1;0;0;0;0;55;1;0
18089;23;1;0;0;0;0;66;1;1
13015;20;0;0;0;0;0;24;1;0
19995;6;0;0;0;0;0;79;1;1
10405;8;0;0;0;0;0;45;0;1
18332;20;0;0;0;0;0;48;1;0
8849;27;0;0;0;0;0;83;1;0
6354;11;1;0;0;0;0;71;0;1
14147;12;0;0;0;0;0;29;1;1
3647;7;0;0;0;0;0;48;1;1
15290;9;1;0;0;0;0;37;1;1
8132;17;1;0;0;0;0;77;0;1
16305;14;1;0;0;0;0;63;0;1
20098;18;1;0;0;0;0;41;1;1
17909;11;0;0;0;0;0;36;0;0
23385;7;0;0;0;0;1;36;0;0
16764;19;0;0;0;0;0;27;0;0
239;15;0;0;0;0;0;59;1;0
21960;10;0;0;0;0;0;30;1;0
14681;9;0;0;0;0;0;32;1;0
6574;11;1;0;0;0;0;77;1;1
19831;6;0;0;0;0;0;90;1;1
4345;27;1;0;0;0;0;34;1;1
15195;10;1;0;0;0;0;44;1;1
567;9;1;0;0;0;0;38;1;1
19579;9;1;0;0;0;0;48;1;1
8717;18;1;0;0;0;0;42;1;1
13014;20;0;0;0;0;0;34;1;0
10518;29;0;0;0;0;0;82;1;0
12835;13;1;0;0;0;0;62;0;1
8861;26;0;0;0;0;0;78;0;1
17235;13;1;0;0;0;0;55;1;1
12213;23;0;0;1;0;1;27;1;0
22065;19;1;0;0;0;1;47;0;0
6567;11;1;0;0;0;0;65;1;1
8649;25;1;0;0;0;0;71;1;1
21414;4;0;0;0;0;0;23;0;0
1512;14;0;0;0;0;0;50;0;0
16148;12;1;0;0;0;0;20;0;1
15668;29;0;0;0;0;0;47;1;0
3539;4;0;0;0;0;0;22;0;0
12608;10;0;0;0;0;0;53;1;0
11345;3;0;0;0;0;0;84;1;0
15937;2;0;0;0;0;0;46;0;1
21846;4;1;0;0;0;0;44;1;0
22555;3;1;0;0;0;0;42;1;1
1173;27;0;0;0;0;0;46;0;0
17593;26;1;0;0;0;1;70;1;1
2198;19;0;0;0;0;0;42;0;0
19220;8;1;0;0;0;0;34;1;1
18932;22;0;0;0;0;0;24;1;0
3008;15;1;0;0;0;0;59;1;1
4617;2;0;0;0;0;0;49;1;0
6892;26;0;0;0;0;0;50;1;0
10560;21;0;0;0;0;0;56;0;0
8266;16;0;0;0;0;0;33;1;0
9943;10;0;0;0;0;1;60;1;0
3753;26;0;0;0;0;1;34;1;1
14223;15;0;0;0;0;0;24;1;0
9632;26;0;0;0;0;0;35;0;1
1632;22;1;0;0;0;0;59;1;1
3142;6;0;0;0;0;0;38;1;0
3561;6;1;0;0;0;0;51;1;1
13807;18;0;0;0;0;0;87;1;1
651;9;1;0;0;0;0;31;0;1
20572;27;1;0;0;0;1;46;1;1
22924;17;1;0;0;0;0;37;1;1
8033;16;0;0;0;0;0;21;0;0
20569;27;0;0;0;0;0;52;0;1
8834;27;1;0;0;0;0;54;1;1
10430;8;0;0;0;0;0;35;1;0
9752;12;0;0;0;0;0;72;0;1
13426;15;1;0;0;0;0;NA;0;1
15252;10;0;0;0;0;0;28;1;0
13047;9;0;0;0;0;0;48;1;0
13737;22;0;0;0;0;0;24;1;0
1357;16;1;0;0;0;0;63;1;1
19966;6;1;0;0;0;0;61;1;0
21341;25;1;0;0;0;0;75;0;0
5634;11;1;0;0;0;0;75;1;1
6510;11;1;0;0;0;0;76;1;1
497;14;0;0;0;0;1;61;1;0
10079;14;1;0;0;0;0;66;1;1
23085;8;0;0;0;0;0;72;1;0
7076;17;0;0;1;0;1;87;1;0
8127;17;0;0;0;0;0;77;1;0
20839;7;0;0;0;0;0;23;1;0
17053;11;0;0;0;0;0;42;0;1
20693;27;0;0;0;0;0;66;1;1
439;12;0;0;0;0;0;87;0;1
12524;17;1;0;0;0;0;28;1;1
20436;23;0;0;0;0;0;69;1;0
14647;9;1;0;0;0;0;51;0;1
20481;6;1;0;0;0;0;77;1;1
21878;19;1;0;0;0;0;66;0;1
7382;28;0;0;0;0;0;22;1;1
18495;23;0;0;0;0;0;48;1;0
22855;17;1;0;0;0;0;42;1;1
10088;14;0;0;0;0;0;89;1;0
22497;20;0;0;0;0;0;32;1;0
14880;25;0;0;0;0;0;46;1;0
22687;24;0;0;0;0;0;30;1;0
5432;11;0;0;0;0;0;19;0;0
22214;20;0;0;0;0;0;25;0;0
13094;10;1;0;1;0;1;28;0;1
10478;6;0;0;0;0;0;51;0;0
2923;2;0;0;0;0;0;94;1;1
18421;21;0;0;0;0;0;49;1;0
19809;6;1;0;0;0;0;90;1;1
2803;24;0;0;0;0;0;20;0;0
12897;6;0;0;0;0;1;33;1;1
4686;21;0;0;0;0;0;24;0;0
11180;4;0;0;0;0;0;58;0;0
9308;4;1;0;0;0;0;40;0;0
6861;2;1;0;0;0;0;49;1;1
978;28;1;0;0;0;0;72;1;1
13136;10;1;0;0;0;1;70;1;1
11396;2;0;0;0;0;0;33;1;0
6499;11;1;0;0;0;0;80;1;1
3004;15;0;0;0;0;0;54;1;0
17826;13;0;0;0;0;0;75;0;0
11871;17;0;0;0;0;0;84;1;1
14293;18;0;0;0;0;1;42;1;0
2565;17;1;0;0;0;0;19;0;0
10640;15;0;0;0;0;0;23;1;0
15900;7;0;0;0;0;0;101;1;0
1491;14;0;0;0;0;0;35;0;0
20777;10;1;0;0;0;0;38;1;0
13794;19;0;0;0;0;0;29;1;0
589;27;1;0;0;0;0;60;1;0
17209;11;0;0;0;0;0;34;0;0
21051;30;0;0;0;0;0;58;1;1
14918;12;1;0;0;0;0;55;0;1
16786;19;1;0;0;0;0;63;0;0
15139;10;0;0;0;0;0;106;1;0
19140;9;0;0;0;0;0;41;1;1
19116;7;1;0;0;0;0;36;1;1
17692;13;0;0;0;0;0;45;0;1
3156;8;1;0;0;0;0;75;1;1
21566;12;0;0;0;0;0;34;1;1
12256;6;0;0;0;0;1;36;1;0
10744;11;0;0;0;0;0;78;1;0
6382;11;1;0;0;0;0;75;0;1
9949;14;1;0;0;0;0;51;1;0
6885;2;0;0;0;0;0;69;0;0
19101;21;0;0;0;0;0;23;0;0
14884;25;0;0;0;0;0;63;1;0
16404;7;0;0;0;0;0;23;1;0
18841;30;0;0;0;0;1;19;0;0
5823;11;0;0;0;0;0;NA;1;0
9618;23;1;0;0;0;0;88;1;1
6677;2;0;0;0;0;1;36;1;0
13333;30;0;0;0;0;0;20;1;0
18242;19;1;0;0;0;0;60;1;0
7507;2;1;0;0;0;0;32;1;1
18313;21;0;0;0;0;0;42;1;1
15989;27;0;0;0;0;0;45;1;1
6614;11;1;0;0;0;0;68;0;1
18391;21;0;0;0;0;0;26;1;0
22429;21;1;0;0;0;1;59;1;1
3849;2;1;0;0;0;0;86;1;1
10862;19;1;0;0;0;0;41;1;0
2855;24;0;0;0;0;0;50;1;0
1685;30;1;0;0;0;0;35;1;1
17831;13;1;0;0;0;0;50;1;0
2271;28;0;0;0;0;0;25;1;0
17204;11;1;0;0;0;0;26;1;0
310;27;1;0;0;0;0;33;0;0
3917;21;1;0;0;0;0;73;1;1
20523;17;1;0;0;0;0;64;0;1
8577;27;0;0;0;0;0;24;0;0
18860;30;0;0;0;0;0;28;1;0
6537;11;0;0;0;0;0;80;0;0
11675;8;0;0;0;0;0;28;0;0
4753;21;0;0;0;0;1;32;1;0
15589;2;0;0;0;0;0;48;0;0
17526;13;1;0;0;0;0;34;1;1
4885;12;0;0;0;0;0;54;1;1
3706;3;0;0;0;0;0;43;1;0
22522;19;0;0;0;0;0;38;1;0
3564;4;0;0;0;0;0;35;1;0
14797;25;0;0;0;0;0;49;1;0
22966;17;1;0;0;0;0;38;1;0
14333;18;1;0;0;0;0;78;1;1
6064;11;0;0;0;0;0;89;1;0
9739;18;1;0;0;0;0;59;0;1
16047;17;0;0;0;0;0;76;1;1
16675;19;1;0;0;0;1;46;1;1
4811;20;0;0;0;0;0;25;0;0
22223;20;0;0;0;0;0;50;1;0
21040;30;0;0;0;0;0;45;1;0
13271;15;0;0;0;0;0;84;1;0
17836;13;1;0;0;0;0;30;0;1
9741;18;1;0;0;0;0;78;1;1
1300;16;0;0;0;0;0;74;1;1
3256;18;1;0;0;0;0;68;1;1
12328;17;1;0;1;0;1;80;1;1
21887;19;1;0;0;0;0;29;1;1
7715;24;1;0;0;0;0;51;1;1
6675;2;1;0;0;0;0;76;1;1
97;25;0;0;0;0;0;55;1;0
5137;2;0;0;0;0;0;50;1;0
15961;18;0;0;1;0;1;34;0;1
5338;14;0;0;0;0;1;32;1;0
7717;2;1;0;0;0;0;70;1;0
15620;3;0;0;0;0;0;58;1;0
15082;7;0;0;0;0;0;47;1;0
13240;10;0;0;0;0;1;28;1;0
2577;17;0;0;0;0;0;29;0;0
19001;4;0;0;0;0;0;37;0;0
22424;22;0;0;0;0;0;39;1;0
22231;20;0;0;0;0;0;83;1;1
6807;23;1;0;0;0;0;41;1;1
16040;9;0;0;0;0;0;28;0;0
8534;16;0;0;0;0;0;22;0;0
19545;3;1;0;1;0;1;68;1;0
17417;16;0;0;0;0;0;28;1;0
5748;11;0;0;0;0;0;75;1;0
3202;15;1;0;0;0;0;37;1;0
3164;8;1;0;0;0;0;93;0;0
4407;23;0;0;0;0;0;42;1;0
15658;23;1;0;0;0;1;23;1;0
18449;20;1;0;0;0;0;31;1;1
21254;21;1;0;0;0;0;39;1;1
10857;19;1;0;0;0;0;32;0;0
23253;7;0;0;0;0;0;71;1;1
18258;19;0;0;0;0;0;41;1;0
12600;10;1;0;0;0;0;51;0;1
18218;19;0;0;0;0;0;20;1;0
4014;18;0;0;0;0;0;32;1;0
10087;14;1;0;0;0;0;69;1;1
14836;28;0;0;0;0;1;60;1;0
7894;11;0;0;0;0;0;86;0;0
8832;27;0;0;0;0;0;30;0;0
5928;11;1;0;0;0;0;74;1;1
2695;25;1;0;0;0;0;40;1;1
8771;9;0;0;0;0;0;60;1;0
16689;19;0;0;0;0;0;28;1;1
16154;24;1;0;0;0;1;52;1;1
7657;24;0;0;0;0;0;25;1;0
6282;11;0;0;0;0;0;89;1;0
10695;21;0;0;0;0;0;32;0;1
998;27;1;0;1;0;1;35;0;0
16278;14;1;0;0;0;0;73;1;1
2568;17;0;0;0;0;0;41;1;0
473;14;1;0;0;0;0;68;1;1
4395;11;1;0;0;0;0;43;1;1
973;28;0;0;0;0;0;42;1;0
13192;10;0;0;0;0;0;35;0;0
20172;17;0;0;0;0;0;88;1;1
6615;11;0;0;0;0;0;75;1;0
22082;10;1;0;1;0;1;46;1;1
15782;7;0;0;0;0;0;71;1;0
5939;11;1;0;1;0;1;68;1;1
16423;20;0;0;0;0;0;23;1;0
6099;11;0;0;0;0;0;NA;1;1
11643;8;0;0;0;0;0;NA;1;0
6195;11;0;0;0;0;0;87;0;0
11242;3;0;0;0;0;0;65;1;0
21351;25;1;0;0;0;0;69;1;0
774;20;1;0;0;0;1;65;0;0
15137;9;0;0;0;0;0;89;1;0
3385;14;0;0;0;0;0;22;1;0
19235;9;0;0;0;0;1;40;0;1
219;25;1;0;0;0;1;32;0;1
2778;24;0;0;0;0;1;55;1;1
5568;11;0;0;0;0;0;42;0;0
17561;30;0;0;0;0;0;36;1;0
1195;29;0;0;0;0;0;49;1;0
21115;22;0;0;0;0;0;44;1;1
18443;20;0;0;0;0;0;24;0;0
4826;2;1;0;0;0;0;75;1;1
11580;24;0;0;0;0;0;23;0;0
8309;15;0;0;0;0;0;33;1;0
7476;24;0;0;0;0;0;31;1;0
14943;17;0;0;0;0;0;20;0;0
9692;23;1;0;0;0;0;69;1;1
9226;12;1;0;0;0;0;NA;1;1
17479;30;1;0;0;0;0;32;1;1
12887;6;0;0;0;0;0;68;1;1
16591;23;0;0;0;0;0;49;1;1
21024;23;0;0;0;0;0;22;0;1
9349;8;0;0;0;0;0;22;1;1
23410;7;0;0;0;0;0;33;1;1
13772;19;0;0;0;0;0;38;1;0
10448;8;0;0;0;0;1;52;1;0
22262;10;0;0;0;0;0;28;0;0
22236;20;0;0;0;0;0;60;0;0
11395;2;0;0;0;0;0;55;1;0
15382;9;0;0;0;0;0;48;1;0
10627;27;1;0;0;0;0;54;1;1
3127;6;0;0;0;0;0;38;1;1
4357;27;0;0;0;0;0;19;0;0
20845;8;0;0;0;0;0;38;1;0
11298;3;0;0;0;0;0;27;0;0
15647;2;0;0;0;0;0;29;1;1
14524;9;0;0;0;0;0;45;1;0
4801;2;1;0;0;0;0;59;1;0
16201;24;0;0;0;0;0;42;1;0
7654;24;0;0;0;0;0;27;1;0
11062;14;0;0;0;0;0;29;1;0
11347;3;0;0;0;0;0;79;1;0
1868;30;1;0;0;0;0;36;1;0
9380;8;0;0;0;0;0;28;1;1
1374;16;0;0;0;0;0;36;0;0
13124;4;0;0;0;0;0;61;1;0
8408;15;0;0;0;0;1;66;1;1
4842;2;0;0;0;0;0;56;0;1
21126;22;1;0;0;0;0;84;1;1
10723;4;0;0;0;0;0;38;1;0
7544;24;1;0;0;0;0;37;1;0
9397;8;1;0;0;0;0;53;1;0
6190;11;1;0;0;0;0;78;0;1
10865;19;1;0;0;0;0;34;1;0
11337;3;0;0;0;0;1;78;1;1
7638;24;0;0;0;0;0;51;0;0
17038;12;1;0;0;0;0;48;1;1
11357;7;0;0;0;0;0;31;0;1
6663;2;0;0;0;0;0;54;1;0
22954;17;1;0;0;0;0;42;1;1
15613;23;1;0;0;0;0;61;1;1
15617;2;1;0;0;0;0;72;0;1
22298;10;1;0;0;0;0;48;1;1
18774;12;0;0;0;0;0;57;0;0
4691;19;1;0;0;0;0;29;1;0
20226;17;0;0;0;0;0;41;0;0
22117;29;0;0;0;0;0;19;0;0
16144;15;0;0;0;0;0;26;0;0
6421;11;1;0;0;0;0;86;1;1
9782;12;0;0;1;0;1;64;0;0
5808;11;0;0;0;0;0;NA;1;0
13675;15;1;0;0;0;0;65;1;1
20904;8;1;0;0;0;0;NA;1;0
22028;10;0;0;0;0;1;26;1;1
2006;17;0;0;0;0;0;55;1;0
23064;8;1;0;0;0;0;73;1;1
21327;25;0;0;0;0;0;32;1;1
6278;11;1;0;0;0;0;76;0;1
20320;18;0;0;0;0;0;78;1;0
11725;17;1;0;0;0;0;80;1;1
8426;14;1;0;0;0;0;83;1;1
4217;11;0;0;0;0;0;27;0;0
21736;27;1;0;0;0;0;67;1;1
6501;11;0;0;0;0;0;70;1;0
619;10;1;0;0;0;0;93;0;1
11495;2;0;0;0;0;0;31;1;0
17028;11;1;0;0;0;0;58;0;1
6949;10;0;0;0;0;0;28;0;0
2676;24;1;0;0;0;0;67;1;0
6976;10;0;0;0;0;0;28;1;0
10073;14;0;0;0;0;0;73;1;0
10507;29;0;0;0;0;0;NA;0;0
15345;7;0;0;0;0;0;55;0;0
19255;6;0;0;0;0;0;40;1;0
4997;12;1;0;0;0;0;34;1;0
8194;29;0;0;0;0;0;21;1;0
7134;23;0;0;0;0;0;29;0;0
6105;11;0;0;0;0;0;59;0;0
13125;4;0;0;0;0;0;26;0;1
3519;7;0;0;0;0;0;45;1;1
9235;12;0;0;0;0;0;34;1;0
8895;26;0;0;0;0;0;87;1;0
14075;12;0;0;0;0;0;NA;1;0
6120;11;0;0;0;0;0;75;1;0
5860;11;1;0;0;0;0;62;1;1
10091;14;1;0;0;0;1;76;1;1
10038;14;1;0;0;0;0;77;1;1
14639;9;0;0;0;0;0;NA;1;0
16345;26;0;0;0;0;0;33;1;1
3383;14;0;0;0;0;0;22;1;0
12673;13;1;0;0;0;0;41;1;1
13560;8;0;0;0;0;0;56;0;0
5832;11;0;0;0;0;0;92;1;0
17409;13;0;0;0;0;0;32;1;0
4051;12;0;0;0;0;0;97;1;0
6162;11;0;0;0;0;0;81;0;0
8303;15;0;0;0;0;0;35;1;0
6273;11;1;0;0;0;1;82;0;1
10080;14;1;0;0;0;0;87;1;1
22877;17;1;0;0;0;0;81;1;1
17457;26;0;0;0;0;0;30;0;0
20155;17;1;0;0;0;0;34;1;1
2949;8;0;0;0;0;0;49;1;0
6093;11;1;0;1;0;1;80;1;1
6605;11;1;0;0;0;0;67;0;1
17435;10;0;0;0;0;0;34;0;0
10301;18;1;0;0;0;0;69;1;1
2499;25;0;0;0;0;0;27;0;0
19646;17;0;0;0;0;0;47;1;0
12964;18;0;0;0;0;0;70;1;0
8092;14;0;0;0;0;0;23;0;0
1705;30;0;0;0;0;1;74;1;1
22908;17;0;0;0;0;0;89;1;0
10025;14;1;0;0;0;0;67;1;1
17392;20;0;0;0;0;1;27;1;0
3104;6;1;0;0;0;0;43;1;0
17512;21;0;0;0;0;0;44;0;0
10568;21;1;0;0;0;0;33;1;0
10659;21;1;0;0;0;0;46;1;0
18510;23;0;0;0;0;0;34;0;0
15990;27;0;0;0;0;0;75;1;0
12708;13;1;0;0;0;1;NA;1;1
6522;11;1;0;0;0;0;86;1;1
17818;13;0;0;0;0;0;47;1;0
17285;11;1;0;0;0;0;45;1;1
12657;23;1;0;0;0;0;70;1;1
5614;11;1;0;0;0;0;71;1;1
14919;12;0;0;0;0;0;53;1;1
7080;17;1;0;0;0;0;58;1;1
5949;11;0;0;0;0;0;82;1;0
22273;10;1;0;0;0;0;81;1;1
10886;13;0;0;0;0;0;82;1;0
14962;18;0;0;0;0;0;93;1;1
493;14;1;0;0;0;0;66;1;1
14504;9;1;0;0;0;0;53;1;1
7589;24;0;0;0;0;1;44;1;0
1340;15;1;0;0;0;1;NA;1;1
16492;16;1;0;0;0;0;77;1;1
20333;18;0;0;0;0;0;57;1;0
5361;27;0;0;0;0;0;35;1;0
11752;19;0;0;0;0;0;72;0;1
17784;29;1;0;1;0;1;50;1;1
21959;10;1;0;0;0;0;27;0;1
15841;7;0;0;0;0;0;26;1;0
11946;16;1;0;0;0;0;82;1;1
9749;18;0;0;0;0;0;56;0;1
12482;5;0;0;0;0;0;35;1;0
18072;16;1;0;0;0;0;60;0;0
10059;14;1;0;0;0;0;41;1;0
15715;12;1;0;0;0;0;34;0;0
5493;11;0;0;0;0;0;80;0;0
17105;13;0;0;0;0;1;25;1;0
16534;15;0;0;0;0;0;25;1;0
7760;25;0;0;0;0;0;45;0;0
4978;12;0;0;0;0;0;40;1;0
9294;4;0;0;0;0;0;39;1;0
11071;6;0;0;0;0;0;43;1;0
13425;15;1;0;0;0;0;42;1;0
2807;14;0;0;0;0;0;38;1;0
14067;9;0;0;0;0;0;41;0;0
23045;16;0;0;0;0;0;43;1;0
11989;16;0;0;0;0;0;29;1;0
10250;6;0;0;0;0;0;25;0;0
21552;12;1;0;0;0;0;76;1;1
19174;10;0;0;0;0;0;72;1;1
15365;9;1;0;0;0;0;44;1;0
33;4;0;0;0;0;1;39;1;0
15988;27;0;0;0;0;1;22;1;0
2933;25;1;0;0;0;0;42;1;0
11410;2;0;0;0;0;0;37;0;1
18720;20;1;0;0;0;1;67;1;1
9608;23;0;0;0;0;0;50;1;1
15212;9;0;0;0;0;0;36;1;0
23152;27;1;0;0;0;0;41;1;1
7520;24;0;0;0;0;0;47;0;0
15693;27;1;0;0;0;0;60;1;0
9667;23;0;0;0;0;1;83;0;0
7038;24;1;0;0;0;0;36;0;1
1871;30;0;0;0;0;0;30;1;0
16966;11;0;0;0;0;0;48;1;0
5604;11;1;0;0;0;0;74;1;1
5578;11;1;0;0;0;0;80;1;1
10292;18;0;0;0;0;0;85;0;0
14394;13;1;0;0;0;0;70;1;1
1251;27;0;0;0;0;0;19;1;0
15856;7;0;0;0;0;0;28;0;0
9557;13;0;0;0;0;0;NA;1;0
7531;24;0;0;0;0;0;70;0;0
19639;17;1;0;0;0;0;34;1;0
6240;11;1;0;0;0;0;89;1;1
6034;11;1;0;0;0;0;80;1;1
22975;18;1;0;0;0;1;44;1;0
15219;10;0;0;0;0;1;36;1;0
9825;27;1;0;0;0;0;83;1;1
20431;23;0;0;0;0;0;84;1;1
15995;26;1;0;0;0;0;70;1;1
13632;17;0;0;0;0;0;25;1;1
18303;21;0;0;0;0;0;31;1;0
9702;23;1;0;0;0;0;60;1;1
22297;10;0;0;0;0;0;41;1;1
4601;29;0;0;0;0;0;36;1;0
3147;8;0;0;0;0;0;68;1;1
244;10;0;0;0;0;0;36;1;1
5723;11;1;0;0;0;0;85;1;1
16919;13;0;0;0;0;0;52;0;1
16916;13;0;0;0;0;1;75;1;1
20521;17;1;0;0;0;1;76;1;1
3994;8;1;0;0;0;0;59;1;0
4597;29;0;0;0;0;1;21;1;0
20010;22;0;0;0;0;0;23;0;0
13332;30;0;0;0;0;0;44;1;1
18596;23;0;0;0;0;0;35;1;0
10930;30;0;0;0;0;0;56;1;1
16519;15;0;0;0;0;0;28;0;0
15486;9;1;0;0;0;0;51;1;1
11424;7;0;0;0;0;0;32;1;0
21135;22;0;0;0;0;0;38;1;0
4494;23;0;0;0;0;0;55;1;1
7014;9;0;0;0;0;0;56;1;0
15078;25;1;0;0;0;0;74;0;1
8970;27;1;0;0;0;0;27;1;0
6748;24;0;0;0;0;0;56;1;1
6272;11;1;0;0;0;0;71;1;1
23091;8;0;0;0;0;0;26;1;1
7487;2;1;0;0;0;0;56;1;1
17257;11;1;0;0;0;0;58;0;1
14461;22;1;0;0;0;0;60;1;0
23129;8;0;0;0;0;0;69;1;1
22872;17;1;0;0;0;0;44;0;0
5632;11;0;0;0;0;0;90;1;0
11303;6;0;0;0;0;0;38;1;0
840;23;1;0;0;0;0;45;1;1
2348;10;1;0;0;0;0;57;1;1
2621;16;1;0;0;0;0;81;1;1
7128;23;0;0;0;0;0;29;1;1
18005;19;0;0;0;0;1;36;0;1
6351;11;1;0;0;0;0;79;1;1
11804;5;0;0;0;0;0;26;1;1
17188;13;0;0;0;0;0;39;1;0
6086;11;0;0;0;0;1;79;0;0
14632;9;1;0;1;0;1;62;1;1
18210;19;0;0;0;0;0;47;1;0
12372;26;1;0;0;0;1;49;1;1
15883;7;0;0;0;0;0;26;1;1
1601;22;0;0;0;0;0;44;0;0
3971;7;0;0;0;0;0;62;1;1
350;5;0;0;0;0;0;48;0;0
5881;11;0;0;0;0;0;85;1;0
13894;15;1;0;0;0;0;35;1;0
22290;10;1;0;0;0;0;70;0;1
10177;8;0;0;0;0;0;40;1;1
18656;21;1;0;0;0;1;73;1;0
3708;3;0;0;0;0;0;22;1;0
6837;25;1;0;0;0;0;31;0;0
9763;12;1;0;0;0;0;88;0;1
16930;13;1;0;0;0;1;72;1;1
11668;8;1;0;0;0;0;30;1;1
7743;2;1;0;0;0;0;79;1;1
4448;23;1;0;0;0;0;51;1;0
4784;20;0;0;0;0;0;40;1;0
8931;27;0;0;0;0;0;91;0;0
709;12;0;0;0;0;0;61;1;0
12500;20;0;0;0;0;0;30;1;1
17104;13;0;0;0;0;0;30;1;0
4491;23;1;0;0;0;0;46;1;0
11338;3;0;0;0;0;0;71;1;0
16132;12;0;0;0;0;1;56;1;0
4505;23;1;0;0;0;0;70;1;0
4506;23;1;0;0;0;0;70;0;1
17331;27;1;0;0;0;0;73;1;0
21885;19;0;0;0;0;1;42;1;1
22761;16;0;0;0;0;0;85;0;0
17955;8;1;0;0;0;0;51;1;1
9323;4;0;0;0;0;0;26;1;0
1530;20;0;0;0;0;0;70;0;1
2591;17;0;0;0;0;1;35;1;1
22840;18;1;0;0;0;1;34;0;1
2710;26;1;0;0;0;0;31;1;1
19035;27;0;0;0;0;0;25;1;0
11650;9;0;0;0;0;0;32;1;0
15292;9;0;0;0;0;0;59;0;0
149;25;0;0;0;0;0;55;0;1
3877;21;1;0;0;0;0;53;1;1
8399;15;0;0;0;0;0;35;1;0
17384;20;0;0;0;0;0;27;0;0
9201;15;0;0;0;0;0;34;0;1
8128;17;0;0;0;0;0;75;1;1
400;17;0;0;0;0;0;38;0;1
18387;21;1;0;0;0;0;68;1;1
18364;21;1;0;0;0;0;42;1;1
10697;21;0;0;0;0;0;24;0;0
1913;8;0;0;0;0;0;28;0;0
10062;14;0;0;0;0;0;57;1;1
13883;18;1;0;0;0;0;52;1;1
17854;13;0;0;0;0;0;69;0;1
8145;17;1;0;0;0;0;80;1;1
20573;27;0;0;0;0;0;32;1;1
4387;6;1;0;0;0;0;73;1;0
14419;22;1;0;0;0;0;44;1;1
22918;17;1;0;0;0;0;51;0;1
3161;8;0;0;0;0;0;NA;1;0
355;5;1;0;0;0;0;38;0;1
1693;30;0;0;0;0;0;25;1;0
15547;2;0;0;0;0;0;37;1;0
8766;9;1;0;0;0;0;30;1;1
5913;11;0;0;0;0;0;76;1;0
14447;22;0;0;0;0;0;22;1;1
2234;19;1;0;0;0;0;29;0;1
11232;3;0;0;0;0;0;39;1;0
3391;26;0;0;0;0;0;36;1;0
16097;15;0;0;0;0;0;79;1;0
1157;29;0;0;0;0;0;54;1;0
10761;26;1;0;0;0;0;86;1;1
19372;30;0;0;0;0;0;44;0;0
10841;7;0;0;0;0;0;30;0;1
4099;7;0;0;0;0;0;26;0;1
8379;14;1;0;0;0;1;45;1;0
5861;11;1;0;0;0;0;81;0;1
18256;19;0;0;0;0;1;35;1;0
3893;21;0;0;0;0;0;80;1;0
2144;10;1;0;0;0;0;36;1;1
18209;19;0;0;0;0;0;59;1;0
18206;19;0;0;0;0;0;57;1;0
1386;12;0;0;0;0;0;51;1;0
15366;9;0;0;0;0;0;36;1;0
7637;24;1;0;0;0;0;24;1;0
6580;11;0;0;0;0;0;77;1;0
3970;7;0;0;0;0;0;31;1;1
4430;23;0;0;1;0;1;66;1;0
10937;30;0;0;0;0;0;45;0;0
4637;19;1;0;0;0;0;24;1;1
10262;3;0;0;0;0;0;49;1;0
10264;3;1;0;0;0;0;48;1;1
10265;3;1;0;0;0;0;45;0;0
7712;2;0;0;0;0;0;20;1;0
1456;9;0;0;0;0;0;33;1;0
22798;22;1;0;0;0;0;61;1;1
15523;2;0;0;0;0;0;27;1;0
833;20;1;0;0;0;0;24;1;1
2228;10;0;0;0;0;1;38;1;0
15161;10;0;0;0;0;0;25;0;1
18768;12;0;0;0;0;0;64;0;0
210;25;1;0;0;0;0;50;1;1
3532;4;0;0;0;0;0;72;1;0
20006;6;0;0;0;0;0;94;1;0
15487;9;0;0;0;0;0;NA;1;0
13741;22;1;0;0;0;0;39;1;0
6813;24;0;0;0;0;0;26;1;0
16727;19;1;0;0;0;0;69;1;1
4712;2;1;0;0;0;0;54;1;1
2563;17;0;0;0;0;0;32;1;0
16431;20;0;0;0;0;0;33;0;0
6543;11;1;0;0;0;0;88;0;1
23360;22;0;0;0;0;0;33;1;0
715;12;1;0;0;0;0;42;1;1
4211;20;0;0;0;0;1;46;1;1
20356;4;0;0;0;0;0;51;1;0
23323;7;0;0;0;0;1;25;0;1
18855;30;0;0;0;0;0;46;1;0
14376;12;0;0;0;0;0;78;1;1
20955;4;0;0;0;0;0;35;1;1
17920;11;0;0;0;0;0;62;1;0
1862;30;0;0;0;0;0;35;0;0
13301;30;0;0;0;0;0;32;1;0
12753;30;0;0;0;0;0;38;1;0
10961;30;0;0;0;0;1;73;1;0
8831;27;0;0;0;0;0;92;1;0
12797;13;1;0;0;0;0;80;0;1
6744;24;1;0;0;0;0;39;1;1
6480;11;0;0;0;0;0;86;1;0
17708;13;1;0;0;0;0;88;1;1
5716;11;0;0;0;0;0;79;1;0
21700;27;0;0;0;0;0;55;1;0
7645;2;1;0;0;0;0;21;1;0
18138;27;1;0;0;0;0;46;1;0
390;17;0;0;0;0;0;51;0;0
644;9;1;0;0;0;0;29;1;1
8268;14;0;0;0;0;0;31;1;0
261;28;0;0;0;0;0;56;1;1
4435;23;0;0;0;0;0;37;1;0
5556;11;1;0;0;0;0;79;1;1
19944;6;1;0;0;0;0;84;1;1
6404;11;0;0;0;0;0;74;1;0
22806;22;0;0;0;0;0;36;0;0
5761;11;1;0;0;0;0;70;1;1
7065;17;1;0;0;0;0;46;1;1
10510;29;1;0;0;0;0;75;1;0
20645;30;1;0;0;0;0;24;1;0
19690;21;1;0;0;0;0;30;1;0
22177;27;0;0;0;0;0;68;1;0
10358;6;0;0;0;0;0;34;0;0
5319;13;0;0;0;0;0;59;0;1
20165;17;0;0;0;0;0;32;0;0
12326;17;1;0;0;0;0;65;1;1
5875;11;1;0;0;0;0;91;1;1
14347;18;0;0;0;0;0;92;1;1
6141;11;1;0;0;0;0;72;1;1
1066;9;0;0;0;0;0;41;1;0
6202;11;0;0;0;0;0;80;1;0
6986;17;1;0;0;0;0;57;1;1
10153;8;0;0;0;0;0;49;0;0
8616;17;0;0;0;0;0;33;1;0
6445;11;1;0;0;0;0;56;0;1
8068;27;0;0;0;0;0;62;1;1
2411;7;0;0;0;0;0;27;0;1
10529;29;0;0;0;0;0;70;1;0
11065;14;0;0;0;0;0;57;0;0
7635;2;0;0;0;0;0;33;1;0
7315;3;0;0;0;0;0;33;1;0
12486;5;1;0;0;0;0;47;1;1
21384;27;0;0;0;0;0;81;0;1
19364;29;0;0;0;0;1;92;0;1
22651;28;1;0;0;0;0;49;0;1
1857;30;0;0;0;0;1;33;1;0
8637;17;0;0;0;0;0;34;0;0
20716;3;0;0;0;0;1;43;0;0
22096;26;0;0;0;0;0;39;1;1
794;20;0;0;0;0;0;51;1;1
5924;11;0;0;0;0;0;39;1;0
12059;26;0;0;0;0;0;79;1;1
12997;20;1;0;0;0;0;70;1;1
16816;13;0;0;0;0;0;69;0;0
19961;6;1;0;0;0;0;79;1;1
11680;9;1;0;0;0;0;28;1;1
15588;2;0;0;0;0;0;37;1;0
1819;30;0;0;0;0;0;31;1;0
21054;30;0;0;0;0;0;31;1;0
22135;27;1;0;0;0;0;71;0;1
12734;13;0;0;0;0;0;25;0;0
15872;7;0;0;0;0;0;75;1;1
6964;9;1;0;0;0;0;25;1;1
5252;27;1;0;0;0;0;77;0;1
7225;29;1;0;0;0;0;45;1;0
7199;28;1;0;0;0;0;47;0;0
8066;26;0;0;0;0;0;54;1;1
12973;20;1;0;0;0;0;47;0;0
22771;16;0;0;0;0;0;40;1;0
9206;15;0;0;0;0;0;30;1;0
14623;9;0;0;1;0;1;88;1;0
11229;3;0;0;0;0;0;40;1;1
12009;6;0;0;0;0;0;36;1;1
56;4;0;0;0;0;0;29;1;1
6899;26;0;0;0;0;0;44;1;1
6010;11;0;0;0;0;0;88;1;0
17256;11;1;0;0;0;0;48;0;1
20933;13;1;0;0;0;0;46;1;1
16236;14;1;0;0;0;0;70;1;1
9473;14;1;0;0;0;0;51;1;1
17246;13;0;0;0;0;0;44;0;0
2738;25;0;0;0;0;0;47;0;1
18357;20;1;0;0;0;0;78;1;1
8608;18;1;0;0;0;0;76;1;1
19464;3;0;0;0;0;0;59;0;0
13193;10;0;0;0;0;1;28;1;1
10730;12;1;0;0;0;0;83;1;1
17530;10;1;0;0;0;0;52;1;0
2509;27;0;0;0;0;0;42;1;0
6566;11;1;0;1;0;1;86;0;1
1559;22;1;0;0;0;0;58;1;1
14999;19;1;0;0;0;0;46;1;1
10469;6;1;0;0;0;0;56;0;0
12736;13;0;0;0;0;0;63;1;1
12325;17;1;0;0;0;0;67;0;1
2206;10;0;0;0;0;1;30;0;0
21;4;1;0;0;0;0;44;1;1
5617;11;0;0;0;0;0;64;1;0
21001;20;1;0;0;0;0;37;1;1
22088;26;1;0;0;0;0;88;1;1
23278;7;1;0;0;0;0;58;1;1
22562;23;0;0;0;0;0;40;1;0
11985;16;0;0;0;0;0;34;1;0
18051;16;1;0;0;0;0;54;1;0
904;19;1;0;0;0;0;79;0;1
2071;20;0;0;0;0;0;24;1;0
12800;13;0;0;0;0;1;39;1;0
16546;16;0;0;0;0;0;51;1;1
17552;30;1;0;0;0;0;24;0;0
12699;13;0;0;0;0;0;37;0;0
19878;6;0;0;0;0;0;89;0;0
6307;11;0;0;0;0;0;75;0;0
4287;27;0;0;0;0;0;67;1;0
12497;20;1;0;0;0;0;75;0;1
19492;3;0;0;0;0;0;83;1;1
7477;24;0;0;0;0;0;52;1;0
16862;13;1;0;0;0;0;44;1;1
18953;5;0;0;0;0;0;NA;0;0
14868;24;1;0;0;0;0;32;0;1
4169;3;0;0;0;0;0;26;0;0
5843;11;0;0;0;0;0;76;1;0
6289;11;1;0;0;0;0;90;1;1
9161;6;0;0;0;0;1;26;1;0
12525;17;0;0;1;0;1;38;1;0
570;9;1;0;0;0;0;78;1;1
14843;28;0;0;0;0;0;37;1;1
10379;3;0;0;0;0;0;29;0;0
16800;5;0;0;0;0;0;48;1;0
2948;2;0;0;0;0;0;22;0;0
2583;17;0;0;0;0;1;60;0;0
8515;15;1;0;0;0;0;70;1;1
4004;7;0;0;0;0;0;21;1;0
8271;16;0;0;1;0;1;48;1;1
9639;26;1;0;0;0;0;43;0;1
2616;14;0;0;0;0;0;28;1;0
16326;14;0;0;0;0;0;44;1;0
14287;18;0;0;0;0;0;62;1;0
6156;11;1;0;0;0;0;70;1;1
19354;29;0;0;0;0;0;60;0;1
11659;8;0;0;0;0;0;28;0;0
3939;8;0;0;0;0;1;74;1;0
11528;24;0;0;0;0;0;27;1;1
8804;9;0;0;0;0;0;33;1;0
8252;13;0;0;0;0;0;29;0;0
3398;26;0;0;0;0;0;32;0;0
9783;12;1;0;0;0;0;63;1;1
16604;12;1;0;0;0;0;74;1;1
7614;24;0;0;0;0;0;27;0;0
10578;30;0;0;0;0;0;25;0;0
3063;8;1;0;0;0;0;33;1;1
15460;9;0;0;0;0;0;37;1;0
14535;9;0;0;0;0;0;29;0;0
10276;23;1;0;0;0;0;72;1;1
8466;15;1;0;0;0;0;77;1;1
8437;14;1;0;0;0;0;79;1;1
4602;29;1;0;0;0;0;68;1;0
8785;10;0;0;0;0;1;34;0;1
12916;6;1;0;1;0;1;85;1;1
3809;10;0;0;0;0;0;27;1;0
18004;19;0;0;0;0;0;36;1;1
8432;14;1;0;0;0;0;72;1;1
12128;26;1;0;0;0;0;54;1;1
11779;20;0;0;0;0;0;43;1;0
18185;19;0;0;0;0;1;70;1;0
20059;18;0;0;0;0;0;93;1;0
20062;18;1;0;0;0;0;34;1;1
17532;10;0;0;0;0;0;36;1;0
12626;10;0;0;0;0;0;33;0;1
3375;14;1;0;1;0;1;96;1;1
12231;5;0;0;0;0;0;28;0;0
12115;26;0;0;0;0;0;76;0;1
8927;25;1;0;0;0;1;31;0;1
12719;13;1;0;0;0;0;59;1;1
3969;7;0;0;0;0;0;46;1;1
9728;18;1;0;0;0;0;84;1;1
10187;6;0;0;0;0;0;35;1;1
4544;5;0;0;0;0;0;56;1;1
11986;16;0;0;0;0;1;19;1;0
11520;2;0;0;0;0;0;26;1;1
3773;26;0;0;0;0;0;41;1;0
5348;14;0;0;0;0;0;66;0;0
14717;22;0;0;0;0;0;48;1;0
4744;21;1;0;0;0;0;53;1;0
18401;21;1;0;0;0;0;33;1;1
15868;2;0;0;0;0;0;28;1;1
22390;5;0;0;0;0;0;28;0;0
16776;19;0;0;0;0;0;26;1;1
6101;11;1;0;0;0;0;80;1;1
4716;22;0;0;0;0;0;21;0;0
5638;11;0;0;0;0;0;31;0;0
10498;29;1;0;0;0;0;81;1;1
19517;3;1;0;0;0;0;70;1;1
16291;14;0;0;0;0;0;24;0;1
3087;6;0;0;0;0;0;23;1;0
5616;11;0;0;0;0;0;21;1;0
11945;16;0;0;0;0;1;56;1;1
18083;12;1;0;0;0;0;75;1;1
10696;21;1;0;0;0;1;45;1;1
14795;25;0;0;0;0;0;30;0;0
7665;2;0;0;0;0;0;38;1;0
9532;14;0;0;0;0;0;46;1;1
15634;3;0;0;0;0;0;40;1;0
1791;30;1;0;0;0;0;39;1;0
1766;30;0;0;0;0;0;32;1;1
19572;30;1;0;0;0;0;48;1;1
6124;11;1;0;0;0;0;83;1;1
7343;25;1;0;0;0;1;47;1;1
3520;7;0;0;0;0;0;45;1;0
3007;15;1;0;0;0;0;72;1;1
1796;30;0;0;0;0;0;52;0;0
17578;30;0;0;0;0;0;27;1;0
7120;20;1;0;0;0;0;75;1;1
9996;14;0;0;0;0;0;NA;1;1
2165;10;0;0;0;0;0;86;0;1
17933;8;0;0;0;0;0;70;1;1
8374;15;0;0;0;0;0;55;1;0
20730;3;0;0;0;0;0;36;0;0
13804;18;1;0;0;0;0;34;1;1
16465;16;0;0;0;0;0;38;0;0
17089;11;0;0;0;0;0;20;0;0
9375;8;0;0;0;0;0;23;1;1
20873;3;0;0;0;0;0;36;1;0
16157;24;1;0;0;0;0;45;0;1
5676;11;1;0;0;0;0;79;1;1
5975;11;0;0;0;0;0;68;1;0
11452;7;1;0;0;0;0;48;0;1
6927;9;1;0;0;0;0;69;1;1
11419;2;0;0;0;0;0;35;1;1
3840;10;1;0;0;0;0;49;1;1
18716;20;0;0;0;0;0;68;1;0
17850;13;1;0;0;0;0;37;1;0
4933;20;0;0;0;0;0;80;1;1
5709;11;1;0;0;0;0;77;1;1
21300;26;1;0;0;0;0;51;0;1
10002;14;0;0;0;0;0;24;1;0
4875;21;0;0;0;0;0;28;0;0
8497;16;0;0;0;0;0;80;1;0
2561;17;0;0;0;0;0;61;1;0
18630;23;1;0;0;0;0;50;1;0
2516;27;1;0;0;0;0;54;0;1
15537;2;1;0;0;0;0;34;1;1
20629;30;1;0;0;0;0;78;1;1
3835;10;1;0;0;0;0;39;1;1
14688;10;0;0;0;0;0;29;0;1
22139;27;1;0;0;0;1;38;0;1
17283;11;0;0;0;0;0;47;1;0
4047;12;1;0;0;0;0;61;1;1
10010;14;1;0;0;0;0;83;1;1
10027;14;1;0;0;0;0;73;1;1
3242;26;0;0;0;0;0;43;0;1
9873;2;0;0;0;0;0;63;1;0
20952;4;0;0;0;0;1;71;1;0
21740;27;1;0;0;0;0;56;0;1
20351;4;0;0;0;0;1;38;1;0
4467;23;1;0;1;0;1;71;1;1
7722;24;1;0;0;0;0;25;1;0
15654;23;0;0;0;0;0;48;1;0
15637;21;1;0;0;0;0;29;1;0
21128;22;1;0;0;0;0;57;1;1
9167;6;0;0;0;0;0;30;0;0
4504;23;1;0;0;0;1;82;1;1
10201;6;0;0;0;0;1;47;1;1
2804;25;0;0;0;0;0;20;0;0
8776;9;0;0;0;0;0;30;1;0
19926;6;0;0;0;0;0;78;1;1
4000;7;0;0;0;0;0;36;1;1
9544;17;1;0;0;0;0;76;1;1
21984;10;0;0;0;0;0;28;0;0
20007;6;0;0;0;0;0;84;1;1
18738;6;1;0;0;0;0;55;1;1
15012;11;0;0;0;0;0;26;1;0
9464;14;1;0;0;0;1;48;1;1
8778;10;1;0;0;0;0;71;1;0
6585;11;1;0;0;0;0;75;0;1
19840;6;0;0;0;0;0;61;1;0
16117;12;0;0;0;0;0;51;1;0
22989;17;0;0;0;0;0;48;1;0
23102;8;0;0;0;0;0;56;1;0
18054;16;0;0;0;0;0;53;1;0
15557;3;1;0;0;0;0;45;1;0
4823;21;0;0;0;0;0;30;1;1
6724;24;1;0;0;0;0;33;1;0
8112;17;0;0;0;0;1;71;1;1
17090;11;0;0;0;0;0;37;0;0
5648;11;0;0;0;0;0;39;0;0
4341;23;0;0;0;0;0;29;1;0
10115;6;0;0;0;0;0;28;1;0
9585;2;0;0;0;0;0;24;1;0
17126;13;0;0;0;0;0;41;1;1
10457;6;1;0;0;0;0;64;0;1
20250;17;1;0;0;0;1;53;1;1
16531;15;0;0;0;0;0;29;0;0
8454;14;1;0;0;0;0;60;1;1
4210;20;1;0;0;0;0;59;1;1
16668;19;1;0;0;0;0;48;1;1
12907;6;0;0;0;0;0;34;1;0
22207;20;1;0;0;0;0;64;1;1
7996;16;0;0;0;0;0;84;1;1
5678;11;1;0;0;0;0;97;1;1
6174;11;0;0;0;0;0;NA;1;1
8192;29;0;0;0;0;0;22;0;0
16791;19;0;0;0;0;0;26;0;1
7304;24;0;0;0;0;0;33;0;0
3316;14;1;0;0;0;0;81;1;1
6571;11;1;0;0;0;0;91;1;1
6595;11;1;0;0;0;0;63;1;1
7457;28;0;0;0;0;0;28;0;0
21784;27;1;0;0;0;0;67;1;1
8950;25;0;0;0;0;0;31;0;1
11578;24;1;0;0;0;0;45;0;1
12666;23;0;0;0;0;0;23;1;0
16683;19;1;0;0;0;0;41;1;0
11415;2;1;0;0;0;0;37;0;1
21698;27;1;0;0;0;0;29;1;0
18027;16;0;0;1;0;1;31;0;0
8532;15;0;0;0;0;0;24;1;0
17008;12;0;0;0;0;0;28;1;0
1780;30;0;0;0;0;1;29;0;1
6467;11;1;0;1;0;1;85;1;1
19145;9;0;0;0;0;0;28;0;1
15510;7;0;0;0;0;0;23;0;0
656;9;0;0;0;0;0;29;1;0
23022;16;1;0;0;0;0;60;0;0
8336;15;0;0;0;0;0;60;1;1
22322;10;1;0;0;0;0;32;0;1
5806;11;1;0;0;0;0;87;0;1
6967;9;1;0;0;0;0;29;0;1
7446;28;1;0;0;0;0;39;1;0
1081;9;1;0;0;0;0;46;1;1
14891;28;0;0;0;0;0;66;0;0
22629;28;0;0;0;0;0;83;1;1
22736;16;0;0;0;0;0;48;1;0
14721;22;0;0;0;0;0;21;1;0
3268;13;0;0;0;0;1;40;1;1
7320;3;1;0;0;0;0;59;1;1
1109;9;1;0;0;0;0;85;1;1
15102;9;0;0;0;0;0;36;1;0
22275;10;0;0;0;0;0;35;1;0
8063;27;1;0;0;0;0;76;1;1
6389;11;0;0;0;0;0;81;0;0
22845;18;1;0;0;0;0;48;1;1
8701;18;1;0;0;0;1;54;1;1
9444;14;1;0;0;0;0;39;0;0
11025;17;0;0;0;0;0;71;1;0
12021;13;1;0;0;0;0;65;1;1
19250;6;0;0;0;0;0;36;1;0
20855;8;1;0;0;0;0;68;1;1
16697;19;0;0;0;0;0;28;1;0
241;10;0;0;0;0;1;56;1;0
21280;24;1;0;0;0;0;NA;0;0
15224;7;1;0;0;0;0;41;1;1
9984;15;0;0;0;0;0;27;1;0
4238;3;0;0;0;0;0;68;1;0
20723;3;0;0;0;0;0;19;0;0
2602;17;0;0;0;0;0;41;0;0
16801;4;0;0;0;0;0;25;1;1
16538;16;0;0;0;0;0;43;1;0
1433;9;1;0;0;0;0;27;1;1
13438;15;1;0;0;0;0;49;1;0
9372;8;0;0;0;0;0;38;1;1
11376;2;0;0;0;0;0;26;0;1
5014;12;0;0;0;0;0;39;1;0
12880;6;1;0;0;0;0;64;1;1
16895;13;0;0;0;0;0;32;1;0
22399;5;0;0;0;0;0;28;0;1
13678;15;0;0;0;0;0;41;1;0
2255;28;1;0;0;0;1;56;1;1
13962;10;0;0;0;0;0;47;1;1
18835;30;1;0;0;0;0;24;0;1
20413;17;1;0;0;0;0;76;1;1
21762;27;1;0;0;0;1;52;1;0
3913;21;0;0;0;0;0;71;0;0
18168;19;0;0;0;0;0;34;0;0
14458;22;0;0;0;0;1;46;1;0
20648;30;1;0;0;0;1;63;1;1
3175;8;0;0;0;0;0;59;0;1
9126;27;0;0;0;0;0;35;0;0
7117;20;1;0;0;0;0;43;1;1
9276;4;0;0;0;0;0;62;0;0
13320;30;0;0;0;0;0;32;1;0
21899;10;1;0;0;0;0;62;1;1
13750;19;1;0;0;0;0;25;0;0
2715;25;0;0;0;0;0;32;1;0
14913;12;1;0;0;0;0;41;1;0
15601;2;1;0;0;0;0;38;1;1
7146;24;0;0;0;0;0;28;1;1
20971;4;1;0;0;0;0;37;0;1
1781;30;1;0;0;0;0;23;1;0
13190;10;0;0;0;0;0;26;1;1
8208;14;1;0;1;0;1;75;1;1
11942;16;0;0;0;0;0;35;0;0
19243;9;1;0;0;0;0;29;1;1
13405;15;1;0;0;0;0;66;1;1
4201;20;1;0;0;0;0;55;1;1
16847;13;0;0;0;0;0;89;1;1
9128;25;0;0;0;0;0;25;1;0
17114;13;1;0;0;0;0;42;1;1
23409;7;0;0;0;0;0;27;1;1
20783;10;1;0;0;0;0;30;1;1
23248;7;1;0;0;0;0;48;0;1
2724;26;0;0;0;0;0;20;0;0
22081;10;1;0;0;0;0;29;1;1
15050;8;1;0;0;0;0;50;0;1
13367;12;0;0;0;0;1;69;1;0
17504;30;1;0;0;0;0;74;1;1
164;27;0;0;0;0;1;27;0;1
3634;18;1;0;0;0;0;55;0;0
11718;17;0;0;0;0;0;81;1;1
20439;6;1;0;0;0;0;58;1;1
13283;16;0;0;0;0;0;54;1;0
13144;10;1;0;0;0;0;46;1;1
13170;10;1;0;0;0;0;38;1;0
1100;9;0;0;0;0;1;30;0;0
11509;2;1;0;0;0;0;29;0;0
14753;28;1;0;0;0;0;61;1;1
7710;2;1;0;0;0;1;58;1;1
19497;3;0;0;0;0;0;18;0;0
22282;10;0;0;0;0;1;30;0;1
10569;30;0;0;0;0;0;33;0;0
5588;11;1;0;0;0;0;80;1;1
8394;14;1;0;0;0;0;74;1;1
8411;15;0;0;0;0;0;88;0;0
16046;17;1;0;1;0;1;79;1;1
8071;27;1;0;0;0;0;38;1;0
2092;20;0;0;0;0;0;32;1;1
2861;24;1;0;0;0;0;33;1;0
58;22;1;0;0;0;0;47;1;1
9150;26;0;0;0;0;0;32;1;1
18852;30;0;0;0;0;0;59;1;0
11823;4;1;0;0;0;0;52;1;1
9336;8;0;0;0;0;0;24;1;0
12348;26;0;0;0;0;0;79;1;0
14762;28;0;0;0;0;0;34;0;0
5012;12;1;0;0;0;0;44;1;1
11422;7;0;0;0;0;0;27;1;1
20703;27;1;0;1;0;1;69;1;0
17149;11;1;0;0;0;0;57;0;0
4515;5;1;0;0;0;0;31;1;1
2550;25;1;0;0;0;0;70;0;1
15441;9;0;0;1;0;1;70;0;0
22561;23;0;0;0;0;0;34;0;0
20586;27;0;0;0;0;0;33;0;1
21460;27;0;0;0;0;0;39;1;0
834;20;0;0;0;0;0;40;0;0
15548;2;0;0;0;0;0;20;1;1
3482;28;1;0;0;0;0;34;0;0
4349;27;0;0;0;0;0;29;1;0
18191;19;0;0;0;0;0;42;1;0
214;25;1;0;0;0;0;37;1;1
13008;20;1;0;0;0;0;43;1;1
1380;12;0;0;0;0;1;53;1;0
15315;10;0;0;0;0;0;31;0;0
18354;20;0;0;0;0;0;NA;1;0
8069;27;0;0;0;0;0;35;1;1
7528;24;0;0;0;0;0;51;1;0
9102;27;0;0;0;0;0;56;1;0
15665;29;0;0;0;0;0;40;1;0
12498;20;0;0;0;0;0;64;1;1
9876;2;0;0;0;0;0;69;0;1
4559;27;1;0;0;0;1;72;1;1
949;28;1;0;0;0;0;78;1;0
20186;17;0;0;0;0;0;NA;1;1
20458;6;0;0;0;0;0;96;1;0
5168;7;1;0;0;0;0;44;1;1
9529;12;1;0;0;0;0;28;1;1
9439;14;1;0;0;0;0;40;1;1
21379;25;0;0;0;0;0;47;0;0
23240;7;0;0;0;0;0;27;0;1
19294;26;1;0;0;0;0;82;1;1
16971;11;0;0;0;0;0;30;1;1
11612;8;1;0;0;0;0;52;1;1
18797;22;0;0;0;0;0;32;1;0
16762;19;0;0;0;0;0;28;1;1
6944;9;0;0;0;0;0;28;0;0
6932;9;0;0;0;0;0;28;0;0
11754;19;0;0;0;0;0;61;0;1
1813;30;0;0;0;0;0;40;1;1
12353;26;1;0;0;0;0;83;0;1
19739;6;0;0;0;0;0;80;1;1
17051;13;1;0;0;0;0;58;1;1
3106;6;1;0;0;0;0;39;1;0
3762;26;0;0;0;0;0;38;1;0
15970;27;0;0;0;0;0;25;1;0
4154;26;1;0;0;0;0;69;1;1
11653;9;0;0;0;0;0;83;0;0
8840;27;1;0;0;0;0;44;1;1
19903;6;1;0;0;0;0;89;1;1
14834;28;1;0;0;0;0;33;1;0
21302;27;0;0;0;0;0;NA;0;0
1962;24;0;0;0;0;0;41;1;0
11604;8;0;0;0;0;0;57;1;0
10485;6;0;0;0;0;0;34;1;0
4631;2;1;0;0;0;0;95;1;1
12057;26;0;0;0;0;0;69;1;1
22346;30;1;0;0;0;0;58;1;0
8397;15;0;0;0;0;0;40;1;0
16219;24;1;0;0;0;0;69;0;1
7401;28;0;0;0;0;0;38;1;0
20215;17;0;0;0;0;0;26;0;0
12696;13;1;0;0;0;0;63;1;1
18066;16;0;0;0;0;0;24;0;0
8537;16;0;0;0;0;0;43;1;0
3121;6;0;0;0;0;0;43;1;1
4535;5;0;0;0;0;0;41;1;0
13286;15;0;0;0;0;0;37;1;1
8607;18;0;0;0;0;0;35;0;0
17712;13;0;0;0;0;0;22;0;0
3174;8;0;0;0;0;0;25;1;0
1347;15;0;0;0;0;0;31;1;0
13293;16;0;0;0;0;0;32;0;0
11187;3;0;0;0;0;0;23;1;0
15371;7;0;0;0;0;0;25;1;0
18012;4;1;0;0;0;0;32;1;0
23332;7;0;0;0;0;1;30;1;1
9832;27;0;0;0;0;0;43;1;1
13470;15;1;0;0;0;0;64;1;1
11143;6;0;0;0;0;0;44;1;0
15700;13;1;0;0;0;0;50;1;0
2598;17;0;0;0;0;0;39;0;0
22763;16;0;0;0;0;1;33;0;0
17054;13;0;0;0;0;0;38;1;0
7264;24;0;0;0;0;0;35;1;1
15558;3;0;0;0;0;0;29;0;0
12184;23;0;0;0;0;0;25;0;0
4359;27;0;0;0;0;0;26;0;1
5717;11;0;0;0;0;0;87;0;0
18255;19;1;0;0;0;0;20;0;1
19812;6;0;0;0;0;0;83;1;1
19769;6;0;0;0;0;0;91;1;1
1939;24;0;0;0;0;0;38;1;0
22089;26;1;0;0;0;0;50;0;1
6443;11;0;0;0;0;1;70;1;0
8172;29;0;0;0;0;0;57;1;0
18792;22;0;0;0;0;1;NA;0;0
22453;19;0;0;0;0;0;51;1;0
14054;9;0;0;0;0;0;40;1;0
157;27;0;0;0;0;0;35;0;1
9039;26;0;0;0;0;0;42;0;0
13477;15;0;0;0;0;0;20;1;0
4433;23;1;0;0;0;0;70;1;0
18376;21;1;0;0;0;0;38;1;0
3361;12;0;0;0;0;0;47;0;0
21368;25;0;0;0;0;0;52;1;1
7379;28;1;0;0;0;0;75;1;0
3170;8;1;0;0;0;0;34;1;0
18277;15;0;0;0;0;0;34;1;0
16136;12;0;0;0;0;0;27;0;0
14788;28;0;0;0;0;0;38;1;1
21862;19;0;0;0;0;0;78;1;1
12066;26;0;0;0;0;0;30;0;0
12119;26;0;0;0;0;0;20;0;0
11259;3;1;0;0;0;0;63;0;0
5534;11;0;0;0;0;0;20;1;0
17182;11;1;0;0;0;0;48;1;1
21737;27;1;0;0;0;0;71;1;1
19456;3;0;0;0;0;0;NA;1;0
24;4;0;0;0;0;0;58;1;0
1135;8;0;0;0;0;0;32;1;1
18077;16;1;0;0;0;0;74;1;1
9833;27;0;0;0;0;0;43;1;0
9790;28;1;0;0;0;0;46;1;1
11390;2;0;0;0;0;0;36;1;0
22606;24;0;0;0;0;0;56;1;0
21683;28;1;0;0;0;0;36;0;1
8335;14;1;0;0;0;0;74;0;1
879;17;0;0;0;0;0;37;0;0
11972;15;0;0;0;0;0;78;1;1
9522;12;0;0;0;0;0;34;1;1
22775;16;0;0;0;0;0;38;1;0
20684;27;1;0;0;0;1;72;0;0
22595;24;0;0;0;0;1;50;1;0
5481;11;0;0;0;0;0;25;0;0
22360;30;0;0;0;0;0;77;1;1
19947;6;1;0;0;0;0;63;1;0
5088;12;0;0;0;0;0;61;1;1
23316;7;0;0;0;0;0;40;1;1
1741;30;0;0;0;0;0;78;1;1
9391;8;0;0;0;0;0;69;1;0
7257;29;0;0;0;0;0;40;0;0
21101;22;1;0;0;0;0;37;1;1
4907;12;0;0;0;0;0;43;0;0
57;22;1;0;0;0;0;75;1;1
15622;21;0;0;0;0;0;68;1;1
10936;30;0;0;0;0;0;29;1;0
18789;22;1;0;0;0;0;52;1;0
16593;23;0;0;0;0;0;21;0;0
703;12;1;0;0;0;0;38;1;0
23098;8;0;0;0;0;0;69;1;1
4138;26;0;0;0;0;0;35;1;1
12588;9;0;0;0;0;0;44;0;0
14755;28;0;0;0;0;0;35;1;1
19602;17;1;0;0;0;0;NA;1;1
7170;29;0;0;0;0;0;27;1;0
1168;29;0;0;0;0;0;69;1;1
16889;13;0;0;0;0;0;36;1;0
20712;7;0;0;0;0;1;49;1;0
10784;22;1;0;0;0;0;45;0;0
7522;24;0;0;0;0;0;36;1;1
995;27;1;0;0;0;0;51;1;0
16020;9;0;0;0;0;0;37;1;0
21867;10;1;0;0;0;0;36;1;1
13346;12;0;0;0;0;0;75;0;0
12004;6;0;0;0;0;1;25;1;0
3656;4;0;0;0;0;0;30;1;0
18514;24;0;0;0;0;0;20;1;1
7651;24;1;0;0;0;0;30;1;0
7602;24;1;0;0;0;0;30;1;1
1033;8;0;0;0;0;0;38;1;1
7849;26;1;0;0;0;0;58;1;1
10133;27;1;0;0;0;0;76;0;1
2442;25;0;0;0;0;0;47;1;0
19816;6;1;0;0;0;0;69;1;1
11368;2;0;0;0;0;0;23;0;1
12496;20;0;0;0;0;0;83;1;1
19198;10;0;0;0;0;0;59;1;0
22730;3;1;0;0;0;0;23;1;0
9857;2;0;0;0;0;0;30;1;1
13243;14;0;0;0;0;1;29;1;0
6563;11;0;0;0;0;0;74;1;0
17464;30;1;0;0;0;0;34;1;1
14003;25;1;0;0;0;0;59;1;1
17033;11;1;0;0;0;0;38;1;1
9935;10;0;0;0;0;0;34;1;1
20404;9;0;0;0;0;0;25;1;0
7215;28;1;0;0;0;0;64;0;1
16821;13;1;0;0;0;0;39;1;1
1654;22;0;0;0;0;0;32;1;0
5675;11;0;0;0;0;0;61;1;0
21650;30;0;0;0;0;0;88;1;0
17144;13;0;0;0;0;0;35;0;0
12641;19;0;0;0;0;0;36;1;0
14253;15;0;0;0;0;1;53;1;0
7036;24;1;0;0;0;0;80;0;0
7516;24;0;0;0;0;0;34;1;1
7612;24;1;0;0;0;1;25;1;1
16327;14;1;0;0;0;0;39;1;1
16694;19;1;0;0;0;0;41;1;1
11893;17;1;0;0;0;0;28;1;0
2222;19;1;0;0;0;0;27;0;0
6177;11;1;0;0;0;0;75;1;1
16246;14;1;0;0;0;0;76;1;1
5635;11;1;0;0;0;0;77;1;1
15442;9;0;0;0;0;0;86;1;0
10802;21;0;0;0;0;0;36;1;0
17148;13;0;0;0;0;1;57;1;0
3352;15;0;0;0;0;0;39;1;1
20021;18;0;0;0;0;0;34;0;1
757;25;0;0;0;0;0;71;1;0
18329;20;1;0;0;0;0;87;1;1
20603;27;0;0;0;0;0;64;1;1
16406;9;0;0;0;0;0;43;0;0
4261;3;0;0;0;0;1;96;1;0
9817;27;1;0;0;0;0;70;1;1
22078;19;1;0;0;0;0;33;1;1
18735;6;0;0;0;0;0;77;1;1
17527;13;1;0;0;0;0;55;0;0
2720;25;1;0;0;0;0;86;1;1
5764;11;1;0;0;0;0;76;1;1
17658;5;1;0;0;0;0;58;1;1
6355;11;1;0;0;0;0;81;1;1
11882;17;0;0;0;0;0;30;0;0
3768;26;0;0;0;0;0;54;1;0
18573;24;0;0;0;0;0;38;0;0
829;20;1;0;0;0;0;36;1;1
837;20;0;0;0;0;0;64;1;0
4634;2;0;0;0;0;0;27;1;0
5250;27;0;0;0;0;0;61;1;1
18137;27;0;0;0;0;0;55;1;1
18341;20;0;0;0;0;1;91;1;1
20751;30;0;0;0;0;0;81;1;1
22063;19;1;0;0;0;0;38;1;0
5208;7;0;0;0;0;0;39;1;1
163;27;0;0;0;0;0;40;1;0
23232;7;0;0;0;0;0;25;1;1
23321;7;0;0;0;0;0;74;0;1
9118;27;1;0;0;0;0;41;0;1
12264;6;0;0;0;0;0;23;0;1
19494;3;0;0;0;0;0;94;1;1
11954;16;0;0;0;0;0;22;1;0
10282;3;0;0;0;0;0;27;0;0
2606;14;0;0;0;0;0;44;1;1
15894;7;0;0;0;0;0;26;1;1
6836;24;1;0;0;0;0;33;1;1
2010;25;1;0;0;0;0;53;1;1
10800;21;1;0;0;0;0;36;1;0
2745;25;1;0;0;0;0;37;1;1
6364;11;1;0;0;0;0;90;1;1
22150;25;1;0;0;0;0;47;1;1
12013;6;0;0;0;0;0;59;1;1
17566;30;0;0;0;0;0;40;1;1
3915;21;1;0;0;0;0;61;1;0
18324;21;0;0;0;0;0;29;1;1
2276;28;1;0;0;0;0;78;1;1
3968;7;1;0;0;0;0;28;1;1
21794;27;1;0;0;0;0;41;0;0
1201;27;0;0;0;0;0;44;0;0
17928;22;0;0;0;0;1;29;1;1
1836;30;0;0;0;0;0;26;0;1
2403;5;0;0;0;0;0;32;0;0
2888;8;0;0;0;0;0;34;0;0
9316;4;0;0;0;0;0;45;1;0
20441;6;0;0;0;0;0;77;1;0
21069;30;0;0;0;0;0;NA;1;0
12731;13;0;0;0;0;0;28;0;0
3995;7;0;0;0;0;0;28;1;1
23350;7;0;0;0;0;0;28;1;1
11237;3;0;0;0;0;1;69;0;1
16983;11;1;0;0;0;0;40;1;1
13982;25;1;0;0;0;0;50;0;1
21144;13;1;0;0;0;0;48;1;0
9512;14;1;0;0;0;0;63;0;1
16159;24;0;0;0;0;0;28;0;0
17947;8;1;0;0;0;0;56;0;1
18631;23;1;0;0;0;0;62;1;1
18614;23;0;0;0;0;0;48;1;1
21232;21;0;0;0;0;0;22;0;0
15515;7;1;0;0;0;0;49;1;1
7660;2;0;0;0;0;0;35;0;1
21034;30;0;0;0;0;0;50;1;0
3157;8;0;0;0;0;0;34;1;1
22529;22;0;0;0;0;0;47;1;1
4767;21;0;0;0;0;0;52;1;0
15393;7;0;0;0;0;0;29;1;1
1160;29;0;0;0;0;0;22;0;0
6704;24;0;0;0;0;0;21;0;0
19978;6;1;0;0;0;0;73;1;1
9057;26;0;0;0;0;1;100;1;0
13051;10;0;0;0;0;0;54;1;0
22525;20;0;0;0;0;0;27;0;0
21028;30;0;0;0;0;0;20;0;0
3860;21;0;0;0;0;0;36;0;0
19175;10;0;0;0;0;0;39;0;0
11487;2;0;0;0;0;0;33;0;0
21646;27;0;0;0;0;0;49;0;0
22862;17;1;0;0;0;0;39;0;0
21570;12;1;0;0;0;1;49;1;1
1593;22;1;0;0;0;0;86;1;1
7153;24;0;0;0;0;0;45;1;0
867;17;1;0;0;0;0;79;1;1
8811;9;0;0;0;0;0;32;1;0
1494;14;0;0;0;0;1;28;1;0
9848;2;0;0;0;0;0;39;1;0
20711;7;0;0;0;0;0;33;1;0
15628;21;1;0;0;0;0;39;0;1
15610;21;0;0;0;0;0;36;0;0
9249;12;0;0;0;0;0;66;0;0
17191;13;0;0;0;0;0;46;1;1
18346;20;1;0;0;0;0;41;1;1
14595;20;1;0;0;0;0;71;1;1
13938;25;0;0;0;0;0;27;1;0
1424;17;1;0;0;0;0;52;1;1
5477;11;0;0;0;0;0;26;1;0
11400;2;0;0;0;0;0;29;1;0
5441;11;0;0;0;0;0;31;1;0
16430;20;1;0;0;0;0;31;1;0
18649;20;0;0;0;0;0;21;0;0
23295;7;1;0;0;0;0;29;1;0
16361;8;0;0;0;0;0;27;0;0
1503;14;1;0;0;0;0;42;0;1
19084;24;1;0;0;0;0;36;1;0
1885;30;0;0;0;0;0;34;1;0
4340;23;1;0;0;0;0;41;1;1
790;20;1;0;0;0;0;40;1;1
1638;22;1;0;0;0;0;78;1;1
9362;8;0;0;0;0;0;36;1;0
9526;12;0;0;0;0;0;42;0;1
11323;7;0;0;0;0;0;38;0;0
4304;23;0;0;0;0;0;20;1;0
1373;16;0;0;0;0;0;38;1;1
1413;12;0;0;0;0;0;25;1;0
5383;30;0;0;0;0;0;55;0;0
14453;22;0;0;0;0;0;57;1;1
18701;20;0;0;0;0;0;82;1;1
8589;27;1;0;0;0;0;49;1;1
5369;27;1;0;0;0;0;74;1;1
8075;27;0;0;0;0;0;32;0;0
1844;30;0;0;0;0;0;44;1;1
3206;15;0;0;0;0;0;56;1;0
10634;16;0;0;0;0;1;50;1;0
18718;20;1;0;1;0;1;68;1;1
22436;19;0;0;0;0;0;47;0;0
696;12;1;0;0;0;0;58;1;0
23288;7;0;0;0;0;0;52;0;1
7764;25;1;0;0;0;0;51;1;0
8445;14;0;0;0;0;0;82;1;1
5708;11;1;0;0;0;0;81;1;1
15869;2;0;0;0;0;0;29;0;0
182;27;0;0;0;0;1;34;1;0
2853;2;1;0;0;0;0;24;0;0
22277;10;0;0;0;0;1;30;0;0
1682;30;1;0;0;0;0;25;1;0
11639;8;0;0;0;0;0;32;1;0
10582;30;0;0;0;0;1;33;0;0
11491;2;0;0;0;0;0;47;1;0
18227;19;0;0;0;0;0;44;1;1
4819;21;1;0;0;0;0;77;1;1
20616;30;1;0;0;0;0;64;1;0
14141;12;1;0;0;0;0;41;1;1
23399;7;0;0;0;0;0;53;1;1
1397;12;0;0;0;0;0;48;1;0
19031;29;0;0;0;0;0;27;1;0
21371;25;0;0;0;0;0;82;0;1
146;25;0;0;0;0;1;28;1;0
6684;23;0;0;0;0;0;50;1;0
10711;21;0;0;0;0;0;30;1;0
5952;11;1;0;0;0;0;80;1;1
12317;18;1;0;0;0;0;75;1;1
22582;26;0;0;0;0;0;27;1;0
18601;28;0;0;0;0;0;28;1;0
4122;7;0;0;0;0;0;53;1;0
21393;27;0;0;0;0;0;59;1;0
7308;25;0;0;0;0;0;26;1;1
98;25;1;0;0;0;1;79;1;0
13393;12;1;0;0;0;0;64;0;0
4008;18;1;0;0;0;0;30;1;1
15379;9;1;0;0;0;0;63;1;1
15107;8;0;0;0;0;0;26;1;0
22715;24;1;0;0;0;0;37;1;0
1240;29;0;0;0;0;0;29;0;0
891;18;1;0;0;0;0;81;0;0
8166;29;1;0;0;0;0;82;0;0
20190;17;0;0;0;0;0;33;0;0
14579;20;0;0;0;0;0;66;1;0
22708;24;0;0;0;0;0;37;1;0
19230;10;0;0;0;0;0;37;1;0
4178;3;0;0;0;0;0;28;0;1
3333;14;0;0;0;0;0;56;1;0
1897;30;0;0;0;0;0;24;1;0
4808;21;0;0;0;0;0;42;1;1
15881;7;1;0;0;0;0;57;1;1
1809;30;0;0;0;0;0;27;1;0
7276;25;0;0;0;0;0;22;1;0
13195;10;1;0;0;0;1;56;1;0
1627;22;0;0;0;0;0;40;1;0
18248;19;0;0;0;0;1;29;0;0
2462;25;1;0;0;0;0;67;1;0
23401;7;0;0;0;0;0;56;1;0
2664;7;1;0;0;0;0;41;1;0
18894;6;0;0;0;0;0;21;1;0
15438;9;0;0;0;0;0;51;1;1
16325;14;0;0;0;0;0;34;1;1
19552;3;0;0;0;0;0;76;1;1
3032;14;0;0;0;0;0;23;0;0
17737;13;0;0;0;0;0;25;1;0
22762;16;0;0;0;0;0;26;1;0
3649;3;0;0;0;0;0;32;1;0
11661;8;0;0;0;0;0;19;0;0
3698;3;0;0;0;0;0;29;1;0
3191;16;0;0;0;0;0;25;1;0
10207;6;0;0;0;0;0;24;1;0
51;4;0;0;0;0;0;32;1;0
2405;7;0;0;0;0;0;29;1;0
3200;16;1;0;0;0;0;60;1;1
20386;9;1;0;0;0;0;54;1;1
10344;6;1;0;0;0;0;54;1;1
4931;20;1;0;0;0;0;45;1;1
2925;7;1;0;0;0;0;28;0;0
7452;28;0;0;0;0;1;34;1;0
8544;13;1;0;0;0;0;74;0;1
4018;18;1;0;0;0;0;49;0;0
16850;13;0;0;0;0;0;78;0;0
21225;21;1;0;0;0;0;42;1;0
1787;30;0;0;0;0;0;26;1;0
5080;12;0;0;0;0;0;58;1;1
17890;11;0;0;0;0;0;52;0;0
11582;24;0;0;0;0;0;29;0;0
10435;8;1;0;0;0;0;61;1;1
9245;12;1;0;0;0;0;44;1;0
17570;30;0;0;0;0;1;45;1;0
18941;22;0;0;0;0;0;50;1;0
5268;27;0;0;0;0;0;66;1;0
15204;7;1;0;0;0;0;57;1;1
21834;28;1;0;0;0;1;34;0;1
9092;27;0;0;0;0;0;36;1;0
20334;4;0;0;0;0;0;20;1;0
15594;2;1;0;0;0;0;69;1;1
8750;9;1;0;0;0;0;53;1;1
1778;30;0;0;0;0;0;26;1;0
14534;9;0;0;0;0;0;29;1;0
20445;6;0;0;0;0;0;45;0;0
5273;27;1;0;0;0;0;60;1;0
21364;25;0;0;0;0;0;44;1;0
2425;25;1;0;0;0;0;39;0;0
870;17;0;0;0;0;0;43;0;1
9339;8;0;0;0;0;0;26;0;0
20793;10;0;0;0;0;1;66;1;0
4736;21;1;0;0;0;0;34;1;0
12085;26;0;0;0;0;0;34;1;1
15729;27;0;0;0;0;0;42;1;1
12808;13;1;0;0;0;0;51;1;1
10092;14;0;0;0;0;0;71;0;0
5222;7;0;0;0;0;0;43;0;0
14570;21;0;0;0;0;0;29;0;0
2172;10;0;0;0;0;0;78;1;0
1618;22;1;0;0;0;0;71;1;0
19030;29;0;0;0;0;0;23;0;0
6834;24;0;0;0;0;0;41;1;1
17474;30;0;0;0;0;1;27;0;0
18086;23;0;0;0;0;0;44;0;1
10472;6;1;0;0;0;0;59;0;0
11430;2;1;0;0;0;0;25;1;0
11694;17;1;0;0;0;0;NA;1;1
18593;28;1;0;0;0;0;45;0;1
5776;11;1;0;0;0;0;87;1;1
19981;6;0;0;0;0;0;82;1;1
22072;19;0;0;0;0;0;57;0;1
10810;21;0;0;0;0;0;58;0;0
9321;4;0;0;0;0;0;42;1;0
7353;25;1;0;0;0;0;63;0;1
22731;16;0;0;0;0;0;54;1;0
7039;24;0;0;0;0;0;61;1;0
14135;12;1;0;0;0;0;54;1;1
22542;2;1;0;0;0;0;33;1;1
15484;8;0;0;0;0;0;25;1;0
18378;20;1;0;0;0;0;85;1;1
22124;29;0;0;0;0;0;44;1;0
3428;7;0;0;0;0;0;27;0;1
4629;2;0;0;0;0;0;18;0;0
9172;27;1;0;0;0;0;58;1;0
22679;28;0;0;0;0;0;28;1;0
17255;13;1;0;0;0;0;32;1;0
1797;30;0;0;0;0;0;32;0;1
16368;5;1;0;0;0;0;53;1;1
16765;19;1;0;0;0;0;25;0;1
8447;14;1;0;0;0;0;74;0;1
19127;8;0;0;0;0;0;32;1;1
76;22;1;0;0;0;0;80;1;1
27;4;1;0;0;0;0;37;0;0
10807;21;1;0;0;0;0;55;1;0
16577;23;1;0;0;0;0;31;1;1
21073;30;0;0;0;0;0;43;1;0
15221;9;0;0;0;0;0;58;1;0
22195;8;1;0;0;0;0;36;1;0
4681;19;0;0;0;0;0;36;1;0
7875;12;0;0;0;0;0;23;0;1
496;14;1;0;0;0;0;24;1;1
19879;6;1;0;0;0;0;76;0;1
181;27;1;0;0;0;0;34;1;0
6920;9;0;0;0;0;0;29;0;0
21234;30;0;0;0;0;0;22;0;0
11865;23;0;0;0;0;0;19;0;0
10151;8;1;0;0;0;0;55;1;1
19833;6;1;0;0;0;0;84;1;1
18708;20;0;0;0;0;0;61;0;0
21647;27;0;0;0;0;0;28;0;0
14870;28;0;0;0;0;0;24;0;0
7934;10;1;0;0;0;1;64;1;1
20395;9;0;0;0;0;0;26;1;0
6054;11;1;0;0;0;0;90;1;1
6887;2;0;0;0;0;1;30;1;1
8285;16;0;0;0;0;0;28;0;0
14161;9;0;0;0;0;0;44;1;0
15932;2;0;0;0;0;0;25;1;0
1206;27;1;0;1;0;1;80;1;1
22468;19;0;0;0;0;1;44;1;0
4872;21;0;0;0;0;0;62;1;1
7033;24;0;0;0;0;0;48;0;1
8681;26;1;0;0;0;1;73;1;1
19982;6;1;0;0;0;0;77;1;0
13398;15;0;0;0;0;0;38;1;0
13012;20;0;0;0;0;0;56;1;0
18219;19;0;0;0;0;0;54;1;0
20963;4;0;0;0;0;0;41;1;0
4415;23;1;0;0;0;0;41;1;1
23413;7;1;0;0;0;0;47;1;0
16524;15;0;0;0;0;0;31;1;0
21136;22;0;0;0;0;0;45;1;0
4785;20;0;0;0;0;0;39;1;0
14180;23;0;0;0;0;0;28;1;0
20844;8;0;0;0;0;0;43;1;0
15858;7;1;0;0;0;0;77;1;1
21620;27;0;0;0;0;0;26;0;0
17178;13;0;0;0;0;0;26;1;1
3285;13;1;0;0;0;0;74;0;1
19678;21;0;0;0;0;0;35;1;1
21493;25;0;0;0;0;1;37;0;0
23312;7;0;0;0;0;0;46;0;0
6430;11;0;0;0;0;0;80;1;0
21655;24;1;0;0;0;0;34;1;1
4170;3;0;0;0;0;0;44;0;1
13513;19;1;0;0;0;0;77;1;1
6006;11;1;0;0;0;0;70;1;1
11437;2;0;0;0;0;0;89;1;1
17236;13;0;0;0;0;1;44;1;1
17455;13;1;0;0;0;0;81;1;1
17096;11;0;0;0;0;0;48;1;0
13062;10;0;0;0;0;0;47;1;0
19873;6;1;0;0;0;1;72;1;1
19045;29;0;0;0;0;0;26;0;0
23335;22;0;0;0;0;0;23;1;0
4307;23;1;0;0;0;1;66;1;1
16894;13;0;0;0;0;0;27;0;0
4512;26;0;0;0;0;0;34;0;0
9510;14;0;0;0;0;0;30;0;0
8559;13;1;0;0;0;0;80;1;1
18805;22;1;0;0;0;0;65;1;1
4669;19;1;0;0;0;0;86;1;0
1006;27;1;0;0;0;0;46;1;1
4962;18;0;0;0;0;0;82;1;1
252;13;1;0;0;0;0;47;1;1
9751;12;0;0;0;0;0;30;1;0
2530;25;0;0;0;0;0;24;0;0
20636;30;0;0;0;0;0;34;1;1
7173;29;1;0;0;0;0;61;1;1
20428;23;0;0;0;0;0;51;0;0
8221;14;1;0;0;0;0;45;0;1
16229;13;1;0;0;0;0;78;1;1
16089;15;1;0;0;0;0;47;1;0
8339;15;0;0;0;0;0;28;1;0
15372;7;1;0;0;0;0;65;1;0
14348;18;1;0;0;0;0;75;1;1
6556;11;0;0;0;0;0;73;1;1
6074;11;1;0;0;0;0;88;1;1
20154;17;1;0;0;0;0;59;1;1
11665;8;0;0;0;0;0;26;0;1
8388;15;1;0;0;0;0;75;1;1
19248;6;0;0;0;0;0;26;0;0
1267;29;0;0;0;0;0;22;1;0
4896;12;0;0;0;0;0;46;1;0
2533;27;0;0;0;0;0;28;0;0
14385;12;0;0;0;0;0;62;0;0
8726;18;1;0;0;0;0;88;1;1
8203;13;0;0;0;0;0;51;1;0
20265;17;0;0;0;0;0;75;0;0
8106;14;0;0;0;0;0;42;0;1
16782;19;0;0;0;0;0;25;1;0
20111;18;0;0;0;0;0;44;1;0
14160;9;0;0;0;0;0;45;1;0
16179;24;1;0;1;0;1;40;1;1
762;25;0;0;0;0;0;53;1;0
20402;9;0;0;0;0;0;50;1;0
14046;9;1;0;0;0;0;55;1;1
17925;22;0;0;0;0;0;39;1;1
3160;8;1;0;0;0;0;28;1;0
10066;14;0;0;0;0;1;78;1;0
1287;16;0;0;0;0;0;29;1;0
1427;17;1;0;0;0;0;47;1;1
16422;20;1;0;1;0;1;NA;1;1
22370;30;0;0;0;0;0;55;1;0
1646;22;0;0;0;0;0;31;1;0
21314;20;0;0;0;0;0;50;0;0
4204;20;0;0;0;0;1;88;1;0
11428;2;0;0;0;0;0;32;1;1
16270;27;1;0;0;0;0;59;0;1
21282;24;0;0;0;0;0;34;1;0
18423;21;0;0;0;0;0;25;0;0
19969;6;1;0;0;0;0;64;1;0
6776;2;0;0;0;0;0;57;1;1
4936;20;0;0;0;0;0;49;1;0
11516;2;0;0;0;0;0;43;1;0
18571;24;0;0;0;0;0;20;0;0
913;2;0;0;0;0;0;50;0;0
4181;20;1;0;0;0;0;63;1;1
14932;12;0;0;0;0;0;23;1;0
11153;5;0;0;0;0;0;68;1;0
19581;9;0;0;0;0;0;81;0;0
2264;28;0;0;0;0;0;26;1;0
15053;8;1;0;0;0;0;37;1;1
1405;12;0;0;1;0;1;50;1;0
8992;27;0;0;1;0;1;25;0;0
2811;25;1;0;0;0;0;33;1;1
1609;22;1;0;0;0;0;82;1;1
13954;26;1;0;1;0;1;87;1;1
16871;13;1;0;0;0;0;36;0;1
78;22;1;0;0;0;1;22;1;0
3591;18;0;0;0;0;0;45;1;1
11300;3;1;0;0;0;0;79;1;1
21729;28;0;0;0;0;0;40;1;0
9203;15;0;0;0;0;0;38;1;0
22431;19;0;0;0;0;0;75;1;1
7683;2;0;0;0;0;0;35;1;0
19477;3;1;0;0;0;0;24;1;0
7189;29;0;0;0;0;0;50;0;0
5457;11;0;0;0;0;0;36;0;0
11596;28;0;0;1;0;1;47;0;0
22535;2;1;0;0;0;0;42;1;1
4855;22;0;0;0;0;0;68;1;1
7337;3;0;0;0;0;0;19;0;0
7879;12;0;0;0;0;0;26;0;0
12198;23;0;0;0;0;0;28;0;1
15240;9;0;0;0;0;0;56;1;0
11447;2;1;0;0;0;0;43;1;0
13203;10;1;0;0;0;0;47;0;1
15014;11;0;0;0;0;0;29;1;0
21908;19;0;0;0;0;0;26;1;0
15278;7;1;0;0;0;0;44;0;1
10587;30;1;0;0;0;0;68;1;0
19141;8;0;0;0;0;0;42;1;0
7255;23;0;0;0;0;0;55;0;1
1359;15;0;0;0;0;1;28;1;1
5754;11;0;0;0;0;0;91;1;0
20591;27;0;0;0;0;0;36;0;0
4657;21;0;0;0;0;0;32;1;0
4342;23;1;0;0;0;0;51;1;0
5946;11;1;0;0;0;0;79;1;1
16225;24;1;0;0;0;1;21;1;1
11002;24;0;0;0;0;0;34;1;0
16331;14;0;0;0;0;0;38;1;0
750;25;1;0;0;0;1;40;0;0
4740;21;1;0;0;0;0;70;1;1
4655;21;0;0;0;0;0;54;0;0
8386;15;1;0;0;0;0;29;1;1
16037;9;0;0;0;0;0;48;1;0
18798;22;0;0;0;0;0;40;0;1
15581;2;1;0;0;0;0;74;1;1
3931;21;0;0;0;0;0;59;1;0
21011;23;0;0;0;0;1;35;1;0
22131;25;1;0;0;0;0;77;1;1
18906;6;0;0;0;0;0;32;1;1
10159;8;0;0;0;0;0;39;1;0
18702;21;1;0;0;0;0;50;1;1
2299;28;1;0;0;0;0;32;1;1
21048;30;0;0;0;0;0;24;0;0
18535;28;0;0;0;0;0;28;1;0
19213;10;0;0;0;0;0;35;1;0
12430;26;1;0;0;0;0;56;1;1
11059;14;0;0;0;0;0;45;1;1
17187;11;1;0;0;0;1;48;1;0
1159;29;0;0;0;0;0;31;1;0
23434;29;0;0;0;0;0;77;0;0
19713;22;0;0;0;0;0;25;0;0
3176;8;0;0;0;0;0;38;1;1
5463;11;0;0;0;0;0;56;1;0
10534;29;1;0;0;0;0;77;1;1
19079;24;0;0;0;0;1;19;0;0
17724;13;0;0;0;0;0;59;0;1
2384;5;1;0;0;0;0;77;1;0
1709;30;1;0;0;0;0;69;1;0
1088;9;1;0;0;0;0;39;1;1
424;22;0;0;0;0;0;75;1;1
2774;25;1;0;0;0;0;78;1;0
869;17;1;0;0;0;0;81;1;1
5464;11;0;0;0;0;0;52;1;0
15083;7;1;0;0;0;0;55;1;0
16348;24;0;0;0;0;0;62;1;1
17686;5;0;0;0;0;0;65;1;1
30;4;0;0;0;0;0;43;1;0
11066;14;1;0;0;0;0;47;1;1
10742;11;0;0;0;0;1;32;1;0
5206;7;1;0;0;0;0;62;1;1
15972;30;0;0;0;0;0;22;0;0
2359;10;0;0;0;0;0;64;1;0
6608;11;0;0;0;0;0;72;1;0
3562;6;0;0;0;0;0;45;1;0
7277;24;0;0;0;0;0;38;1;0
18971;4;0;0;0;0;1;31;0;0
21224;21;1;0;0;0;0;72;1;1
3852;2;0;0;0;0;0;27;1;0
5365;30;0;0;0;0;0;28;0;0
15205;7;1;0;0;0;0;29;1;1
15744;14;0;0;0;0;0;23;0;0
22720;24;0;0;0;0;1;40;1;1
5307;13;1;0;0;0;0;38;1;0
6029;11;0;0;0;0;0;89;1;0
733;25;0;0;0;0;0;30;1;1
7679;2;1;0;0;0;0;58;1;0
4192;20;0;0;0;0;0;73;1;0
17371;20;0;0;0;0;0;37;1;0
7888;15;0;0;0;0;0;19;1;0
70;22;0;0;0;0;0;47;1;0
14798;25;1;0;0;0;0;46;1;1
1769;30;0;0;0;0;0;47;1;0
16145;15;0;0;0;0;0;24;1;0
6867;2;0;0;0;0;0;NA;1;0
1245;27;0;0;0;0;0;49;1;1
1875;30;1;0;0;0;0;24;1;1
21748;27;0;0;0;0;0;60;1;0
4721;21;0;0;0;0;0;44;1;0
1379;12;0;0;0;0;0;32;1;0
20953;4;0;0;0;0;1;25;1;0
22602;24;0;0;0;0;0;64;1;0
9714;23;1;0;0;0;0;52;1;1
1952;24;0;0;0;0;0;55;1;0
13018;20;0;0;0;0;0;58;1;0
6249;11;1;0;0;0;0;71;1;1
13386;12;1;0;0;0;0;40;0;1
19679;21;1;0;0;0;0;38;1;1
3657;3;0;0;0;0;1;58;1;0
18525;24;0;0;0;0;0;29;1;0
13829;24;0;0;0;0;0;45;0;0
64;22;1;0;0;0;0;89;1;1
17603;29;0;0;0;0;0;53;1;0
4704;2;0;0;0;0;1;42;0;0
11429;2;0;0;0;0;0;26;0;1
6111;11;1;0;0;0;0;73;1;1
18839;30;0;0;0;0;0;26;0;0
17175;13;1;0;0;0;0;45;1;1
4813;21;0;0;0;0;0;26;0;0
19717;22;0;0;0;0;0;38;1;0
15428;9;0;0;0;0;0;NA;1;0
8472;15;0;0;0;0;0;63;1;1
13276;16;0;0;0;0;0;35;1;0
1846;30;0;0;0;0;0;53;1;0
11581;24;1;0;0;0;0;28;1;0
16223;24;0;0;0;0;0;23;0;0
16467;16;0;0;0;0;0;22;1;0
1756;30;0;0;0;0;0;21;1;0
2802;23;0;0;0;0;0;30;1;0
21573;2;0;0;0;0;1;42;0;1
1271;29;1;0;0;0;0;36;1;1
10798;21;0;0;0;0;0;38;1;0
22432;19;0;0;0;0;0;37;0;0
22071;10;0;0;0;0;0;25;1;1
5072;12;0;0;0;0;1;35;1;0
7518;24;0;0;0;0;0;35;0;0
8153;14;0;0;0;0;0;30;0;0
667;12;0;0;0;0;0;19;0;0
23303;7;1;0;0;0;0;41;1;1
9908;28;0;0;0;0;0;53;1;0
6718;24;0;0;0;0;0;36;1;0
10921;17;0;0;0;0;0;37;1;1
21940;19;0;0;0;0;0;30;0;1
15545;2;0;0;0;0;0;42;1;1
7460;25;0;0;0;0;0;44;1;0
12202;2;1;0;0;0;0;35;1;1
13838;24;0;0;0;0;0;27;0;1
9637;23;0;0;0;0;0;35;1;0
8231;14;0;0;0;0;0;26;1;0
1613;22;1;0;0;0;0;69;1;1
17560;30;0;0;0;0;0;43;1;0
8032;16;0;0;0;0;0;30;1;0
16443;18;0;0;0;0;1;40;1;1
6666;2;0;0;0;0;1;22;0;0
13221;10;0;0;0;0;0;24;0;0
21360;25;0;0;0;0;0;60;1;0
19617;17;0;0;0;0;0;78;1;1
411;17;0;0;0;0;0;71;1;1
15756;2;0;0;0;0;0;48;0;0
4500;26;1;0;0;0;0;49;1;1
19932;6;1;0;0;0;0;94;1;1
15105;9;0;0;0;0;0;85;0;0
8175;29;0;0;0;0;1;30;0;1
19376;30;0;0;0;0;0;50;1;1
4153;26;1;0;1;0;1;76;1;1
23293;7;0;0;0;0;0;25;1;0
1311;15;0;0;0;0;0;28;1;0
9948;14;0;0;0;0;0;91;1;0
15879;7;0;0;0;0;0;27;0;1
19760;6;1;0;0;0;0;82;1;1
8897;26;0;0;0;0;0;38;0;1
21658;27;0;0;0;0;0;55;1;0
16729;19;1;0;0;0;0;40;1;1
4200;20;0;0;0;0;0;82;1;0
16185;24;1;0;0;0;0;81;1;1
19861;6;1;0;0;0;0;79;1;1
4093;7;0;0;0;0;1;26;1;1
18211;19;0;0;0;0;0;55;1;0
9047;25;0;0;0;0;0;24;1;0
1115;9;0;0;0;0;0;29;0;0
16684;19;0;0;0;0;0;95;1;1
7842;26;0;0;0;0;0;46;1;1
7964;14;0;0;0;0;0;54;0;1
10967;30;0;0;0;0;0;43;1;0
23402;7;0;0;0;0;0;87;1;0
19124;8;0;0;0;0;0;61;0;0
14934;12;0;0;0;0;0;35;0;1
17688;5;1;0;0;0;0;74;1;0
21607;29;0;0;0;0;0;46;1;0
685;12;1;0;0;0;0;69;0;0
2838;8;0;0;1;0;1;39;1;1
23280;7;0;0;0;0;0;26;1;1
19970;6;0;0;0;0;0;96;1;0
292;26;1;0;0;0;0;90;1;1
19994;6;1;0;0;0;0;80;1;1
16767;19;1;0;0;0;0;76;1;1
21946;9;0;0;0;0;0;24;1;0
1670;26;0;0;0;0;0;76;1;1
17944;8;1;0;0;0;0;37;1;1
23308;7;0;0;0;0;0;33;0;0
2409;7;0;0;0;0;0;29;1;0
9038;26;1;0;0;0;0;81;0;1
12158;12;1;0;0;0;0;54;1;0
3996;7;0;0;0;0;0;43;1;0
8126;17;0;0;0;0;0;38;1;0
8356;15;0;0;0;0;1;81;1;0
11441;7;1;0;0;0;0;40;1;1
1833;30;0;0;0;0;1;63;1;1
4592;29;0;0;0;0;0;34;1;0
11061;14;0;0;0;0;1;35;1;0
20587;27;1;0;0;0;0;56;0;0
23175;25;0;0;0;0;0;NA;1;1
1194;27;1;0;0;0;0;50;1;1
3292;11;0;0;0;0;0;26;1;0
11540;24;1;0;0;0;0;93;0;1
8193;29;1;0;0;0;0;74;1;1
3069;8;0;0;0;0;1;43;0;0
9497;12;1;0;0;0;0;56;1;0
22426;22;1;0;0;0;0;55;1;1
1623;22;1;0;0;0;0;70;1;0
19144;9;0;0;0;0;0;64;1;0
14510;9;0;0;0;0;0;40;1;0
7959;14;0;0;0;0;0;32;1;0
12509;17;0;0;0;0;0;37;1;1
16522;15;1;0;0;0;0;66;1;0
21062;30;0;0;0;0;0;44;1;0
843;23;1;0;0;0;0;27;0;0
6764;25;0;0;0;0;0;30;0;0
19872;6;0;0;0;0;0;71;1;1
5403;19;1;0;1;0;1;75;0;1
5834;11;1;0;0;0;0;88;1;1
10166;8;0;0;1;0;1;35;0;0
20898;8;0;0;0;0;0;84;1;0
15908;7;1;0;0;0;0;81;1;1
2960;8;0;0;0;0;0;30;1;0
21470;12;1;0;0;0;0;41;0;1
19958;6;0;0;0;0;0;82;1;0
14794;23;0;0;0;0;0;37;0;1
5491;11;0;0;0;0;0;31;1;0
9686;21;0;0;0;0;0;97;1;0
1518;14;0;0;0;0;0;30;1;0
1443;9;0;0;0;0;0;24;0;0
15089;9;0;0;0;0;0;50;1;0
17168;13;1;0;0;0;0;34;1;0
13706;14;1;0;0;0;0;31;1;1
6930;9;0;0;0;0;0;29;1;0
2845;7;0;0;0;0;0;22;1;0
10836;7;1;0;0;0;0;27;1;0
7948;10;1;0;0;0;0;29;1;0
11216;3;0;0;0;0;0;77;1;1
10947;30;0;0;0;0;0;50;1;1
13776;19;0;0;0;0;0;26;1;1
11738;17;0;0;0;0;0;44;1;0
20900;8;1;0;0;0;0;78;1;1
6003;11;1;0;0;0;0;85;1;1
19059;29;1;0;0;0;0;25;0;0
9231;12;0;0;0;0;0;34;1;0
22723;24;0;0;0;0;0;40;0;0
13561;8;0;0;0;0;0;41;1;1
16987;11;0;0;0;0;0;29;1;1
12382;26;0;0;0;0;0;44;1;1
3800;9;1;0;0;0;0;36;0;1
18763;12;0;0;0;0;0;31;0;0
18737;6;0;0;0;0;0;84;0;0
3909;21;0;0;0;0;0;22;1;1
7615;2;0;0;0;0;0;26;1;0
3012;15;0;0;0;0;0;60;1;0
18292;21;0;0;0;0;0;57;0;0
15110;8;1;0;0;0;0;52;0;1
6786;24;0;0;0;0;0;26;1;0
3427;7;0;0;0;0;0;77;1;0
5394;19;0;0;0;0;0;47;1;1
2902;7;0;0;0;0;0;38;1;1
22405;22;1;0;0;0;0;53;1;1
23446;29;0;0;0;0;0;50;1;0
21860;19;1;0;0;0;0;70;1;1
22047;10;0;0;0;0;0;27;1;0
19874;6;1;0;0;0;0;71;0;0
13067;10;1;0;0;0;0;40;1;1
1015;27;0;0;0;0;0;26;0;0
3299;11;0;0;0;0;0;38;1;0
15463;9;1;0;0;0;0;39;1;1
18251;19;0;0;0;0;0;40;1;0
15874;7;0;0;0;0;0;47;1;0
5193;23;0;0;0;0;1;32;1;0
5845;11;1;0;0;0;0;72;1;1
11336;3;0;0;0;0;0;59;1;0
6598;11;0;0;0;0;1;81;1;0
18570;23;0;0;0;0;0;43;1;0
7618;24;0;0;0;0;0;27;1;0
4095;7;0;0;0;0;0;20;1;0
19586;9;0;0;0;0;0;38;1;0
15019;8;0;0;0;0;0;39;1;0
12350;26;1;0;0;0;0;83;1;1
22062;19;1;0;0;0;0;26;1;0
21966;10;0;0;0;0;0;25;0;0
8547;13;0;0;0;0;0;50;1;0
1217;29;1;0;0;0;1;42;1;1
8662;25;0;0;0;0;0;40;1;1
6919;9;0;0;0;0;0;37;0;0
6568;11;1;0;0;0;0;86;1;1
15342;7;1;0;0;0;0;34;0;0
8118;17;0;0;0;0;0;65;0;0
1011;27;1;0;0;0;0;50;0;1
2798;8;0;0;0;0;1;30;0;1
12733;13;1;0;0;0;1;44;1;0
8876;26;1;0;0;0;0;50;1;0
15828;7;1;0;0;0;1;69;0;0
9122;26;0;0;0;0;0;23;1;1
11494;2;0;0;0;0;0;39;1;1
23424;29;0;0;0;0;0;75;1;1
453;3;0;0;0;0;0;83;1;0
19183;10;1;0;0;0;0;43;1;1
16304;14;1;0;0;0;0;68;0;1
9113;27;1;0;0;0;0;41;0;0
3307;14;0;0;0;0;0;79;1;1
14060;9;0;0;0;0;0;30;0;0
1171;27;1;0;0;0;0;23;0;0
2610;14;0;0;0;0;0;68;1;0
11473;7;0;0;0;0;0;59;0;1
7735;24;1;0;0;0;0;42;1;0
9285;4;1;0;0;0;0;61;1;0
15288;9;0;0;0;0;0;29;0;0
23250;7;0;0;0;0;0;23;0;0
20505;2;1;0;0;0;0;24;1;0
16917;13;1;0;0;0;0;81;1;1
10393;8;1;0;0;0;0;53;1;0
15854;7;0;0;0;0;0;25;1;1
4104;7;1;0;0;0;0;55;0;0
20376;4;0;0;0;0;0;38;1;0
3958;8;0;0;0;0;1;25;1;1
21354;25;0;0;0;0;0;31;1;1
5738;11;0;0;0;0;0;25;0;0
10173;8;1;0;0;0;0;74;0;1
8816;9;0;0;0;0;0;38;1;0
9063;25;0;0;0;0;0;32;1;0
11796;20;0;0;0;0;0;58;1;0
1016;27;1;0;0;0;0;46;1;1
20447;6;0;0;0;0;0;38;1;1
15235;10;1;0;0;0;0;27;0;0
15745;14;0;0;0;0;1;27;0;0
7208;29;1;0;0;0;0;38;1;1
15809;7;1;0;0;0;0;81;1;1
11869;17;1;0;0;0;0;106;1;1
10905;17;1;0;0;0;0;86;1;1
19589;9;1;0;0;0;0;86;0;1
15724;27;0;0;0;0;0;69;1;1
4271;3;1;0;0;0;0;78;0;1
8791;10;1;0;1;0;1;81;1;1
21951;10;1;0;0;0;0;68;1;0
19067;29;1;0;0;0;0;46;1;1
3145;17;0;0;0;0;0;NA;1;0
6504;11;1;0;0;0;0;NA;1;1
12873;5;0;0;0;0;0;89;1;0
5696;11;0;0;0;0;0;88;1;0
12425;26;1;0;0;0;0;75;1;1
194;17;0;0;0;0;0;87;0;1
748;25;0;0;0;0;0;43;0;0
6440;11;1;0;0;0;0;74;1;1
183;27;0;0;0;0;0;26;1;1
1628;22;1;0;0;0;1;77;1;0
7751;18;1;0;1;0;1;71;1;1
10338;6;1;0;0;0;0;69;1;1
21405;4;1;0;0;0;0;43;1;0
3891;21;1;0;0;0;0;64;1;1
9594;30;0;0;0;0;0;21;0;0
17618;11;1;0;0;0;0;75;1;0
13156;10;1;0;0;0;0;27;0;0
19082;24;1;0;0;0;0;69;1;0
13225;10;0;0;0;0;1;46;1;0
12209;2;0;0;0;0;0;54;1;1
6473;11;1;0;0;0;0;74;1;1
14185;17;1;0;0;0;0;55;0;1
11124;6;1;0;0;0;0;79;1;1
15433;7;0;0;0;0;0;49;1;1
2073;20;0;0;0;0;0;44;1;0
7580;24;1;0;0;0;0;69;1;1
20000;6;1;0;0;0;0;86;1;1
12979;20;0;0;0;0;0;37;1;0
15863;2;0;0;0;0;1;29;1;0
3317;14;1;0;0;0;0;77;1;1
18905;6;1;0;0;0;0;65;1;1
225;25;1;0;0;0;0;88;1;1
20759;30;0;0;0;0;0;26;1;0
14455;22;0;0;0;0;0;32;1;1
1403;12;0;0;0;0;0;47;1;0
3999;7;0;0;0;0;0;36;1;1
6112;11;0;0;0;0;0;66;1;0
9064;25;0;0;0;0;0;80;1;0
3767;26;1;0;0;0;0;81;1;1
21617;29;0;0;0;0;0;47;1;1
3573;22;0;0;0;0;0;54;1;1
11339;3;1;0;0;0;0;56;1;1
13633;17;0;0;0;0;0;86;0;0
14634;9;0;0;0;0;0;85;1;0
5258;27;0;0;0;0;1;52;1;0
15795;7;1;0;0;0;0;56;1;1
22228;20;0;0;0;0;1;28;0;0
19992;6;0;0;0;0;0;77;1;0
23229;7;0;0;0;0;0;24;1;0
4723;21;1;0;0;0;0;64;1;1
16749;19;0;0;0;0;0;28;0;1
11118;6;0;0;0;0;0;45;1;0
23437;29;0;0;0;0;0;56;1;1
21112;22;0;0;0;0;0;50;1;0
11482;2;0;0;0;0;0;27;0;1
21689;27;0;0;0;0;0;27;0;0
16411;30;1;0;0;0;0;43;1;0
6789;2;0;0;0;0;0;37;1;1
20491;6;0;0;0;0;0;84;1;0
23322;7;0;0;0;0;0;22;1;0
2833;7;0;0;0;0;1;30;1;0
5530;11;0;0;0;0;0;41;1;0
4460;23;1;0;0;0;0;77;1;1
5132;2;0;0;0;0;0;25;1;0
561;23;0;0;0;0;0;61;1;0
14898;24;0;0;0;0;0;26;0;0
2776;24;0;0;0;0;0;38;1;1
10628;27;0;0;0;0;0;30;0;0
5105;7;0;0;0;0;0;24;1;0
21560;12;1;0;0;0;0;51;1;1
6939;10;1;0;0;0;0;47;1;1
2383;5;1;0;0;0;0;77;1;1
11510;2;1;0;0;0;0;53;0;1
3780;18;0;0;0;0;0;25;0;0
11420;2;0;0;0;0;0;24;0;0
2166;10;0;0;0;0;0;30;1;0
18587;28;1;0;0;0;0;25;1;1
2641;8;0;0;0;0;0;28;0;1
5771;11;1;0;0;0;0;57;1;1
165;27;0;0;0;0;0;46;1;1
9131;26;1;0;0;0;0;75;0;1
19533;3;1;0;0;0;0;42;1;0
1794;30;0;0;0;0;0;24;0;0
23095;8;1;0;0;0;0;86;1;1
23099;8;0;0;0;0;0;84;0;1
3601;18;0;0;0;0;1;32;1;0
7291;5;0;0;0;0;0;46;1;0
12067;26;0;0;0;0;0;NA;1;0
22049;10;0;0;0;0;0;30;1;0
10356;6;1;0;0;0;0;77;1;1
17233;11;0;0;0;0;0;21;0;0
3236;26;1;0;0;0;0;79;0;1
3243;25;0;0;0;0;0;65;0;1
23356;7;0;0;0;0;0;23;1;1
17243;11;0;0;0;0;0;44;0;0
903;19;0;0;0;0;0;48;1;1
22905;17;0;0;0;0;0;75;1;1
8596;27;0;0;0;0;0;57;1;1
19148;10;0;0;0;0;0;75;1;1
17364;20;0;0;0;0;0;85;1;1
14559;21;0;0;0;0;0;25;1;0
22677;26;0;0;0;0;0;60;1;0
11577;24;1;0;0;0;0;34;1;1
12062;26;1;0;0;0;0;43;1;1
13732;22;0;0;0;0;0;22;1;0
20939;13;1;0;0;0;0;49;1;0
18696;20;0;0;0;0;0;61;1;0
4207;20;1;0;0;0;0;75;1;1
19128;8;0;0;0;0;0;32;1;0
5963;11;0;0;0;0;0;63;1;0
13169;10;0;0;0;0;0;34;1;1
1584;22;1;0;0;0;0;40;1;1
21892;10;1;0;0;0;0;34;1;1
10689;21;0;0;0;0;0;29;1;0
9207;15;0;0;0;0;0;33;1;0
5429;11;0;0;0;0;0;58;1;0
3038;15;0;0;0;0;0;37;1;0
22050;19;0;0;0;0;0;31;0;1
9971;14;0;0;0;0;0;28;1;1
7858;12;0;0;0;0;0;45;0;0
9017;26;1;0;0;0;1;47;0;1
19968;6;1;0;0;0;0;94;1;1
23341;22;0;0;0;0;0;21;1;0
17370;20;1;0;0;0;0;49;1;0
20529;17;0;0;0;0;0;37;1;1
18542;28;1;0;0;0;0;41;1;1
22312;10;0;0;0;0;0;31;1;0
3319;14;0;0;0;0;0;19;0;0
4091;12;0;0;0;0;0;49;1;0
14977;18;1;0;1;0;1;82;1;1
22240;10;1;0;0;0;0;50;1;1
3612;18;0;0;0;0;0;62;1;1
8773;10;1;0;0;0;0;56;1;1
4273;3;0;0;0;0;0;90;1;0
6324;11;0;0;0;0;0;78;1;0
4678;19;0;0;0;0;0;34;1;1
11226;3;0;0;0;0;0;54;1;0
4639;19;0;0;0;0;0;58;1;0
15694;29;0;0;0;0;0;19;1;0
9357;8;0;0;0;0;0;42;1;0
5377;30;0;0;0;0;0;30;1;0
7391;28;0;0;0;0;0;33;0;0
5759;11;1;0;0;0;0;71;1;1
14371;12;0;0;0;0;0;53;1;0
5647;11;0;0;0;0;0;22;0;0
2952;23;0;0;0;0;0;38;1;0
5143;7;0;0;0;0;0;37;0;1
22208;20;0;0;0;0;0;51;1;0
10397;8;1;0;0;0;0;50;1;1
11436;2;0;0;0;0;0;43;1;0
16421;20;0;0;0;0;0;51;1;0
21974;10;1;0;0;0;0;28;0;1
21667;2;0;0;0;0;0;29;1;0
5824;11;1;0;0;0;1;83;1;1
1585;22;0;0;0;0;0;56;1;0
14638;9;1;0;0;0;0;27;1;1
8912;27;1;0;1;0;1;72;1;1
22499;22;0;0;0;0;0;51;1;0
2024;17;1;0;0;0;0;79;1;1
747;25;0;0;0;0;0;43;1;0
4143;26;1;0;0;0;0;62;1;1
12684;13;0;0;0;0;1;56;1;0
4412;23;1;0;0;0;0;72;1;1
13305;30;0;0;0;0;0;40;1;0
1444;9;1;0;0;0;1;35;1;1
18598;24;0;0;0;0;0;42;1;0
17907;11;0;0;0;0;0;60;1;0
17311;27;1;0;0;0;1;54;1;1
19044;27;0;0;0;0;0;31;1;0
11274;3;0;0;0;0;0;65;1;0
4054;12;0;0;0;0;0;29;1;0
23072;8;0;0;0;0;0;91;1;0
6597;11;1;0;0;0;0;81;1;1
6374;11;1;0;0;0;0;80;1;1
20039;18;0;0;0;0;1;41;1;1
6343;11;1;0;0;0;0;83;1;1
16672;19;0;0;0;0;0;39;0;0
19119;9;0;0;0;0;0;45;0;0
21709;28;1;0;0;0;0;42;1;0
7723;2;1;0;0;0;0;58;1;1
10879;13;0;0;0;0;0;61;1;0
5446;11;0;0;0;0;0;36;0;0
12814;13;0;0;0;0;0;26;1;0
18045;16;0;0;0;0;0;25;1;0
19519;3;1;0;0;0;1;65;1;1
3716;3;0;0;0;0;0;28;1;0
10461;6;1;0;0;0;0;57;0;1
20983;5;0;0;0;0;0;20;1;0
16112;15;0;0;0;0;0;44;1;0
16897;13;1;0;0;0;0;54;1;0
13473;15;0;0;0;0;0;27;1;1
13468;15;1;0;0;0;0;56;1;1
4694;19;0;0;0;0;0;23;1;0
4258;4;0;0;0;0;0;42;1;0
21425;4;1;0;0;0;1;69;1;1
17154;11;1;0;0;0;0;34;1;1
1419;4;0;0;0;0;0;55;1;0
1848;30;0;0;0;0;0;32;1;1
11978;16;0;0;0;0;0;30;1;0
12244;6;0;0;0;0;0;47;1;0
18097;23;0;0;0;0;0;21;0;0
16295;14;0;0;0;0;0;73;1;0
12730;13;0;0;0;0;0;25;0;0
7730;2;1;0;0;0;0;58;1;1
983;26;0;0;0;0;0;38;1;0
317;4;1;0;0;0;0;35;1;0
5672;11;1;0;0;0;0;85;0;1
5979;11;1;0;0;0;0;84;1;1
5679;11;0;0;0;0;0;94;1;1
10562;21;0;0;0;0;0;35;1;1
1689;30;1;0;0;0;0;84;1;1
8464;15;1;0;0;0;0;75;1;1
3111;6;0;0;0;0;0;33;1;1
3097;6;0;0;0;0;1;57;1;1
6042;11;0;0;0;0;0;93;1;0
21133;22;1;0;0;0;0;77;1;1
4474;23;1;0;0;0;0;67;1;0
7887;12;0;0;0;0;1;53;1;0
12492;20;0;0;0;0;0;58;1;1
19225;9;0;0;0;0;0;38;1;0
17715;13;0;0;0;0;0;82;1;1
4673;19;0;0;0;0;0;27;1;1
544;14;0;0;0;0;0;32;1;0
11393;7;0;0;0;0;0;49;1;0
14663;10;0;0;0;0;0;71;1;0
8247;13;0;0;0;0;0;26;0;0
10702;21;0;0;0;0;0;52;1;1
8973;27;0;0;0;0;0;45;0;1
11083;6;0;0;0;0;0;43;1;1
18899;6;0;0;0;0;0;44;1;0
10555;21;0;0;0;0;0;34;0;0
15629;3;0;0;0;0;0;60;0;0
23036;16;0;0;0;0;0;67;1;0
2929;23;0;0;0;0;0;37;1;0
18987;4;0;0;0;0;0;43;1;0
16169;24;0;0;0;0;0;36;0;0
7394;28;0;0;0;0;0;37;0;0
22064;19;1;0;0;0;0;61;1;1
7599;24;0;0;0;0;0;42;1;0
20650;30;0;0;0;0;1;33;1;1
11166;5;1;0;0;0;1;62;1;1
22012;10;0;0;0;0;0;29;0;1
1695;30;0;0;0;0;0;72;0;0
5866;11;0;0;0;0;0;70;1;0
173;25;0;0;0;0;0;38;0;0
14970;18;0;0;0;0;0;34;0;1
1241;29;0;0;0;0;0;27;1;0
5376;27;0;0;0;0;0;36;1;0
5613;11;1;0;0;0;0;72;0;1
23390;7;0;0;0;0;0;34;1;1
2357;10;1;0;0;0;0;45;1;1
8987;26;1;0;0;0;0;78;1;1
15965;18;0;0;0;0;0;82;1;1
21792;27;0;0;0;0;0;71;1;1
2968;22;0;0;0;0;0;34;1;1
22531;22;1;0;0;0;0;55;1;0
5461;11;0;0;0;0;0;35;1;0
1898;30;1;0;1;0;1;26;0;0
14538;9;0;0;0;0;0;25;0;0
9697;23;0;0;0;0;0;69;1;1
13098;10;1;0;0;0;0;48;1;0
7587;24;1;0;0;0;0;35;1;0
9101;27;0;0;0;0;0;36;0;0
3525;7;0;0;0;0;0;26;1;0
14319;5;1;0;0;0;0;43;1;1
9719;23;0;0;0;0;0;46;0;0
18940;22;0;0;0;0;0;51;1;0
21007;23;0;0;0;0;0;68;1;0
15357;9;0;0;0;0;0;39;0;0
18062;16;0;0;0;0;0;19;0;0
7815;12;0;0;0;0;0;41;1;0
7584;24;0;0;0;0;0;22;0;0
19138;9;0;0;0;0;1;34;0;1
16877;13;1;0;0;0;0;79;0;1
8878;26;0;0;0;0;0;70;1;1
16990;12;0;0;0;0;0;28;1;0
23387;7;0;0;0;0;0;43;1;1
21773;27;1;0;0;0;1;41;1;1
12962;18;1;0;0;0;0;NA;1;1
23242;7;0;0;0;0;0;81;1;1
997;27;0;0;0;0;0;33;1;0
15241;9;0;0;0;0;0;26;1;0
11569;24;0;0;0;0;0;86;1;0
6323;11;1;0;0;0;0;63;1;1
6554;11;1;0;0;0;0;83;1;1
11807;5;0;0;0;0;0;80;1;1
9994;14;0;0;0;0;0;76;1;1
5892;11;0;0;0;0;0;63;0;0
14275;18;0;0;0;0;0;81;1;1
6509;11;1;0;0;0;1;84;1;1
12590;9;0;0;0;0;1;97;1;0
1365;16;0;0;1;0;1;29;1;0
15272;7;1;0;0;0;0;29;1;1
14050;9;0;0;0;0;0;51;1;0
21473;12;0;0;0;0;0;41;1;1
1815;30;0;0;0;0;0;27;0;0
15526;2;1;0;0;0;0;34;1;0
17071;11;0;0;0;0;0;27;0;1
16495;16;0;0;0;0;0;73;1;1
10259;6;0;0;0;0;0;19;1;0
8506;15;0;0;0;0;0;47;1;0
5462;11;0;0;0;0;0;25;1;0
16535;15;0;0;0;0;0;37;1;0
20978;4;0;0;0;0;0;41;1;0
16616;6;0;0;0;0;0;45;1;1
3797;9;1;0;0;0;0;59;0;0
2477;25;0;0;0;0;0;69;1;1
15859;2;0;0;0;0;0;32;0;1
22000;19;0;0;0;0;0;27;1;0
9757;12;0;0;1;0;1;78;1;0
1211;29;1;0;0;0;1;37;1;0
2926;8;0;0;0;0;0;50;0;1
6137;11;1;0;1;0;1;81;1;1
8995;27;1;0;0;0;0;58;1;1
9124;27;1;0;0;0;0;62;1;1
14691;9;1;0;0;0;0;51;1;0
6001;11;1;0;0;0;0;67;0;1
11628;8;0;0;0;0;0;34;1;0
3755;26;0;0;0;0;0;34;0;1
13711;14;0;0;0;0;0;30;1;1
5355;14;1;0;0;0;0;32;0;0
4270;3;0;0;0;0;0;97;1;1
8060;26;1;0;0;0;0;59;1;1
4022;18;0;0;0;0;0;31;1;0
2004;17;0;0;0;0;0;68;1;0
5974;11;1;0;0;0;0;66;0;1
6331;11;0;0;0;0;0;90;1;0
6458;11;0;0;0;0;0;74;1;0
19371;30;1;0;0;0;0;71;1;1
13022;9;0;0;0;0;0;33;0;0
8330;15;1;0;0;0;0;85;1;1
8524;15;0;0;0;0;0;34;1;0
18381;20;1;0;0;0;0;52;1;1
22994;17;0;0;0;0;0;30;0;0
22349;30;0;0;0;0;0;61;1;1
8080;13;1;0;0;0;0;52;1;1
14792;23;0;0;0;0;0;51;1;0
9121;26;1;0;0;0;0;49;1;1
20571;27;1;0;0;0;0;49;1;0
18660;20;0;0;0;0;1;66;1;0
19790;6;0;0;0;0;0;59;1;1
17473;30;1;0;0;0;0;27;1;0
22420;22;0;0;0;0;0;85;1;1
6584;11;1;0;0;0;0;82;1;1
10013;14;0;0;0;0;0;85;1;0
259;28;1;0;0;0;0;59;1;1
4817;2;1;0;1;0;1;77;1;1
15246;9;1;0;0;0;0;72;0;1
6128;11;1;0;0;0;0;82;1;1
12136;26;0;0;0;0;0;NA;1;1
19047;29;1;0;0;0;0;52;1;1
12802;13;1;0;0;0;0;29;1;0
21677;27;0;0;0;0;0;28;0;1
9946;14;0;0;0;0;0;87;1;0
9090;26;0;0;0;0;0;84;0;0
13100;10;0;0;0;0;0;32;1;1
5415;9;0;0;0;0;0;85;1;0
20387;9;0;0;0;0;1;60;1;0
17342;26;0;0;0;0;0;30;0;0
2037;13;0;0;0;0;1;41;1;1
19055;29;1;0;0;0;0;33;1;0
20254;17;0;0;0;0;0;52;0;0
6517;11;0;0;0;0;1;72;0;0
12529;26;1;0;0;0;0;55;1;1
3876;21;1;0;0;0;0;30;1;1
16076;15;0;0;0;0;0;52;1;0
21340;25;1;0;0;0;0;NA;1;1
14545;18;1;0;0;0;0;73;1;1
22986;17;1;0;0;0;1;40;1;1
8835;27;1;0;0;0;0;63;1;1
12518;17;0;0;0;0;0;91;1;1
19039;29;1;0;0;0;0;46;0;1
3714;3;0;0;0;0;0;26;1;0
11425;7;1;0;0;0;0;24;1;1
6934;9;1;0;0;0;0;53;0;1
6952;10;1;0;1;0;1;37;1;1
11953;16;1;0;0;0;0;34;1;0
17395;4;1;0;0;0;0;45;1;0
11515;7;1;0;0;0;0;43;1;1
7085;17;1;0;0;0;0;50;1;1
5666;11;0;0;0;0;0;23;1;0
4077;29;0;0;0;0;0;25;0;0
13800;18;1;0;0;0;0;48;1;1
17160;13;0;0;0;0;0;22;1;0
6335;11;0;0;0;0;0;79;1;0
9037;26;1;0;0;0;0;70;0;0
1837;30;0;0;0;0;0;31;1;0
6698;24;0;0;0;0;0;24;1;0
4958;20;1;0;0;0;0;32;1;0
21910;19;0;0;0;0;0;24;1;1
16071;15;0;0;0;0;0;64;1;1
17078;13;0;0;0;0;0;33;0;0
683;12;0;0;0;0;0;44;0;0
10616;17;0;0;0;0;0;47;1;0
12040;13;0;0;0;0;0;50;1;0
13476;15;0;0;0;0;0;44;1;0
21848;4;0;0;0;0;0;23;0;0
10891;13;0;0;0;0;0;30;1;0
22327;10;0;0;0;0;0;32;1;1
3529;4;0;0;0;0;0;43;1;0
13803;18;1;0;0;0;0;68;1;1
22281;10;0;0;0;0;0;27;0;0
14589;20;0;0;0;0;0;40;0;0
11188;7;0;0;0;0;0;56;1;0
13443;15;1;0;0;0;0;84;1;1
21725;27;0;0;0;0;0;29;0;1
9295;4;0;0;0;0;0;34;0;1
1266;29;1;0;0;0;0;51;1;0
5973;11;1;0;0;0;0;79;0;1
5335;14;0;0;0;0;0;52;1;1
5712;11;1;0;0;0;0;88;1;1
14292;18;1;0;0;0;0;57;0;0
1462;9;0;0;0;0;0;25;0;0
10900;17;0;0;0;0;0;32;0;0
9020;26;1;0;0;0;0;90;1;1
101;25;1;0;0;0;0;37;0;1
11449;2;1;0;0;0;0;51;0;1
22316;10;0;0;0;0;0;42;1;0
6267;11;1;0;0;0;0;95;1;1
2608;14;0;0;0;0;0;33;0;0
16946;13;0;0;0;0;0;48;0;1
2937;25;0;0;0;0;0;62;0;0
9896;28;1;0;0;0;0;40;1;1
21657;28;1;0;0;0;0;47;1;1
3370;15;0;0;0;0;0;24;1;0
18052;16;1;0;0;0;0;79;1;1
6075;11;1;0;0;0;0;85;1;1
19743;6;1;0;0;0;0;72;1;1
17115;11;0;0;0;0;0;NA;1;0
9163;6;0;0;0;0;0;76;1;0
22626;24;0;0;0;0;0;73;1;1
12795;13;1;0;0;0;0;45;1;0
2588;17;0;0;0;0;0;NA;1;1
6901;9;1;0;0;0;0;71;0;1
10540;29;1;0;0;0;0;79;1;1
3588;18;0;0;0;0;0;28;0;0
8893;26;0;0;0;0;0;48;0;1
655;9;0;0;0;0;0;32;1;0
1976;10;1;0;0;0;0;47;1;1
21992;10;0;0;0;0;0;24;0;0
21606;24;0;0;0;0;0;24;1;0
8077;27;0;0;0;0;1;24;0;0
23367;7;1;0;0;0;0;61;1;1
1605;22;1;0;0;0;0;83;1;1
2128;11;0;0;0;0;0;60;1;0
18939;22;0;0;0;0;0;45;1;0
1329;15;0;0;0;0;0;35;1;0
20070;18;0;0;0;0;0;39;1;0
3172;8;1;0;0;0;0;30;1;1
20538;30;1;0;0;0;0;38;1;1
17679;5;1;0;0;0;0;75;1;1
11636;8;1;0;0;0;0;51;1;0
13096;10;1;0;0;0;0;35;1;1
17716;13;1;0;0;0;0;75;1;1
2102;5;0;0;0;0;1;42;1;0
16846;13;0;0;0;0;0;25;1;0
12599;9;1;0;0;0;0;39;0;1
13657;6;0;0;0;0;0;60;1;1
4581;29;1;0;0;0;0;34;1;1
21098;22;1;0;0;0;0;61;1;1
21123;22;0;0;0;0;1;68;1;0
15572;23;1;0;0;0;0;67;1;1
21013;23;1;0;0;0;0;63;1;0
16211;24;0;0;0;0;0;34;1;0
21576;24;1;0;0;0;0;40;1;0
20284;18;0;0;0;0;0;24;1;1
1097;9;0;0;0;0;0;35;0;0
15227;9;0;0;0;0;0;75;1;0
15763;2;0;0;0;0;0;59;1;0
16530;15;0;0;0;0;0;20;1;0
11231;3;0;0;0;0;0;83;1;1
5109;2;0;0;0;0;0;40;1;0
4090;12;1;0;1;0;1;66;1;1
10330;6;0;0;0;0;0;50;1;1
10423;8;0;0;0;0;1;34;0;0
7882;12;0;0;0;0;1;24;1;0
18787;17;1;0;0;0;0;29;1;1
4620;2;0;0;0;0;1;73;1;0
9400;8;0;0;0;0;0;55;1;0
9399;8;0;0;0;0;0;39;1;0
11221;3;0;0;0;0;0;73;1;1
277;18;0;0;0;0;0;33;0;0
12596;9;0;0;0;0;0;64;1;0
4764;21;0;0;0;0;0;51;1;1
18885;30;1;0;0;0;1;33;1;1
1611;22;1;0;0;0;0;79;1;1
16000;26;1;0;0;0;0;NA;1;1
15684;29;1;0;0;0;0;51;0;0
18576;28;0;0;0;0;0;34;1;0
21554;12;0;0;0;0;0;36;1;0
5064;12;0;0;1;0;1;31;1;0
16087;15;1;0;0;0;0;55;1;0
19860;6;0;0;0;0;0;78;1;1
6123;11;1;0;0;0;0;70;1;1
18812;22;0;0;0;0;0;48;1;0
4088;12;1;0;0;0;0;64;0;0
21491;25;1;0;0;0;0;77;1;1
3420;10;0;0;0;0;0;27;1;0
1052;8;1;0;0;0;0;68;1;1
15877;7;0;0;0;0;0;57;0;0
11279;3;0;0;0;0;1;57;1;1
17113;13;0;0;0;0;0;28;1;0
2815;24;0;0;0;0;0;21;1;0
6346;11;1;0;0;0;0;78;1;1
7110;20;1;0;0;0;0;36;1;1
20338;4;0;0;0;0;0;70;1;1
16735;19;0;0;0;0;0;22;1;0
11501;2;0;0;0;0;0;28;0;0
13978;25;0;0;0;0;0;87;1;1
9078;25;0;0;0;0;0;44;0;1
10727;12;1;0;0;0;0;60;0;1
15218;10;0;0;0;0;1;27;0;0
22180;27;0;0;0;0;0;45;1;0
15079;25;1;0;0;0;0;77;0;1
22077;10;1;0;0;0;0;68;1;1
5813;11;0;0;0;0;0;66;1;0
16213;24;0;0;0;0;0;45;0;0
7344;25;1;0;0;0;0;35;1;0
22711;26;0;0;0;0;0;20;0;0
6291;11;1;0;0;0;0;72;0;1
5478;11;0;0;0;0;0;44;1;0
12974;20;1;0;0;0;0;51;1;1
8110;17;0;0;0;0;0;50;1;0
11943;16;1;0;0;0;0;29;1;1
7718;2;1;0;0;0;0;45;1;1
6706;24;0;0;0;0;0;26;1;1
21476;12;0;0;0;0;0;34;1;0
12744;30;0;0;0;0;0;37;1;0
16288;14;1;0;0;0;0;43;1;0
19835;6;0;0;0;0;0;25;1;1
12409;22;0;0;0;0;0;24;0;0
3382;14;0;0;0;0;0;90;0;0
6669;2;1;0;0;0;0;42;1;1
22622;24;0;0;0;0;0;48;1;0
1672;26;0;0;0;0;0;30;0;0
3367;14;1;0;0;0;0;101;1;1
247;10;1;0;0;0;1;NA;1;1
2134;10;1;0;0;0;0;58;1;1
14200;10;1;0;0;0;0;80;1;1
20881;10;1;0;0;0;0;70;0;0
3194;16;1;0;0;0;0;64;1;1
16446;18;0;0;0;0;0;67;1;1
2391;5;1;0;0;0;0;44;1;1
15704;12;0;0;0;0;0;34;0;0
18451;20;0;0;0;0;0;38;1;0
22650;28;0;0;0;0;1;29;1;0
5501;11;0;0;0;0;0;53;1;0
8319;15;0;0;0;0;0;78;1;1
21766;27;0;0;0;0;0;30;1;0
5512;13;0;0;0;0;0;NA;0;1
12475;5;0;0;0;0;0;23;1;0
16548;16;0;0;0;0;0;21;1;0
14748;22;1;0;0;0;0;70;1;0
9164;6;0;0;0;0;0;27;1;0
16004;12;1;0;0;0;0;49;1;1
6394;11;1;0;0;0;0;92;0;1
17411;13;0;0;0;0;0;38;0;0
9471;14;1;0;0;0;0;50;1;1
3429;7;0;0;0;0;0;26;1;1
8751;9;0;0;0;0;0;27;0;0
6393;11;1;0;0;0;0;69;0;1
21770;27;0;0;0;0;0;57;0;0
536;12;1;0;0;0;0;36;1;0
11320;6;1;0;0;0;0;48;0;1
18280;15;0;0;1;0;1;28;1;0
2396;5;1;0;0;0;0;45;1;1
12479;5;0;0;0;0;0;46;1;0
10241;6;0;0;0;0;0;23;1;0
15340;9;0;0;0;0;1;29;1;0
19909;6;0;0;0;0;0;90;1;1
13705;14;1;0;0;0;0;55;1;1
3009;15;1;0;0;0;1;87;1;1
18857;30;1;0;0;0;0;66;0;1
18665;21;0;0;0;0;0;20;0;0
16301;14;0;0;0;0;0;31;1;1
14801;24;0;0;0;0;0;86;1;1
10403;8;0;0;0;0;0;30;1;1
20581;27;0;0;0;0;0;77;1;1
10525;29;1;0;0;0;0;74;1;1
6558;11;0;0;0;0;0;NA;1;0
1810;30;0;0;0;0;0;24;1;0
5958;13;0;0;0;0;0;21;0;0
10248;6;0;0;0;0;0;46;0;0
2593;17;0;0;0;0;0;38;0;0
13275;15;0;0;0;0;0;30;0;1
2669;23;0;0;0;0;0;71;0;1
5999;11;0;0;0;0;0;82;1;0
19993;6;1;0;0;0;0;88;1;1
22251;10;0;0;0;0;0;36;0;1
22520;22;0;0;0;0;0;66;1;0
17851;13;0;0;0;0;0;89;1;1
11625;8;0;0;0;0;0;27;0;1
1096;9;0;0;0;0;0;28;0;0
17659;4;0;0;0;0;0;88;1;0
21204;25;1;0;0;0;0;58;1;1
5971;11;0;0;0;0;0;77;1;0
12939;18;0;0;0;0;1;41;0;0
2133;10;0;0;0;0;1;30;1;0
17047;12;1;0;0;0;0;NA;1;1
20903;8;1;0;0;0;0;72;1;1
11456;7;0;0;0;0;0;60;0;0
14780;28;0;0;0;0;1;69;1;1
21613;24;0;0;0;0;1;78;0;1
5815;11;1;0;0;0;0;87;1;1
19820;6;0;0;0;0;0;74;1;1
19052;29;1;0;0;0;0;29;1;1
12480;5;0;0;0;0;0;27;0;0
7370;24;0;0;0;0;0;23;1;0
11100;6;0;0;0;0;0;26;1;0
5562;11;0;0;1;0;1;77;0;0
7515;24;1;0;0;0;0;23;1;0
6498;11;1;0;0;0;0;76;0;1
8725;18;1;0;0;0;0;82;1;0
15624;23;1;0;0;0;0;40;0;0
5850;11;0;0;0;0;0;82;1;0
8021;16;1;0;0;0;0;74;0;1
3824;10;0;0;0;0;0;28;1;0
15555;3;0;0;0;0;0;29;1;0
9127;27;0;0;0;0;0;31;0;0
4464;23;0;0;0;0;0;74;0;0
11496;2;0;0;0;0;0;27;0;1
5540;11;0;0;0;0;0;35;1;0
10990;24;0;0;0;0;0;28;1;1
15798;7;0;0;0;0;0;89;1;1
2306;18;0;0;0;0;0;36;0;0
10823;18;1;0;0;0;0;43;1;1
2511;27;1;0;0;0;1;55;1;1
18305;21;1;0;0;0;0;64;1;1
17887;13;1;0;0;0;0;85;1;1
19977;6;1;0;0;0;0;67;1;1
2421;25;1;0;0;0;0;62;1;1
11799;20;0;0;0;0;0;68;1;0
9342;8;0;0;0;0;0;40;1;0
17564;30;0;0;0;0;0;22;0;0
9915;20;0;0;1;0;1;38;1;1
11545;24;0;0;0;0;0;51;1;0
5108;2;0;0;0;0;0;22;0;0
8774;9;0;0;0;0;0;51;1;0
8736;18;0;0;0;0;0;37;0;0
10506;29;1;0;0;0;0;72;0;0
13383;12;0;0;0;0;0;37;0;0
17279;11;0;0;0;0;0;61;1;0
13743;22;0;0;0;0;0;28;0;1
22454;20;0;0;0;0;0;35;1;0
8248;13;0;0;0;0;0;25;1;0
16357;8;1;0;0;0;0;88;1;1
18989;4;0;0;0;0;1;34;1;0
19292;3;1;0;0;0;0;40;1;0
16021;8;0;0;0;0;0;45;1;0
9722;23;1;0;0;0;0;27;1;1
4296;27;0;0;0;0;0;52;1;0
2956;23;0;0;0;0;0;22;0;0
13461;14;0;0;0;0;0;25;1;0
11490;2;0;0;0;0;0;28;0;1
1406;12;0;0;0;0;0;52;1;0
23050;8;0;0;0;0;0;79;0;1
5421;9;0;0;0;0;0;47;1;0
14971;18;0;0;0;0;0;34;1;0
11086;6;0;0;0;0;0;26;0;1
19518;3;0;0;1;0;1;83;1;1
21788;2;0;0;0;0;0;26;1;0
9023;26;1;0;0;0;0;46;1;1
18263;15;0;0;0;0;0;19;1;0
5920;11;1;0;0;0;0;83;1;1
8536;15;0;0;0;0;0;26;1;0
8216;14;1;0;0;0;1;72;0;1
13534;2;0;0;0;0;0;23;0;0
1059;9;1;0;0;0;0;36;0;0
23396;7;0;0;0;0;0;41;0;0
19488;3;1;0;0;0;0;71;1;1
1795;30;0;0;0;0;0;34;1;1
1602;22;0;0;0;0;1;42;1;0
21022;23;1;0;0;0;0;41;1;0
17567;30;1;0;0;0;0;52;1;1
2682;24;0;0;0;0;0;39;1;1
4848;21;1;0;0;0;0;34;1;1
19920;6;0;0;0;0;0;64;1;1
3235;26;1;0;0;0;0;60;0;1
7800;27;0;0;0;0;0;23;0;0
8797;10;1;0;0;0;0;82;1;1
18438;20;0;0;0;0;0;66;0;0
7880;12;0;0;0;0;0;24;1;0
309;27;0;0;0;0;0;40;1;0
22341;30;0;0;0;0;0;27;1;1
7325;3;1;0;0;0;1;64;1;0
5518;11;0;0;0;0;0;26;0;0
1864;30;0;0;0;0;0;31;1;0
13196;10;1;0;1;0;1;24;1;0
14655;9;0;0;0;0;0;76;0;1
4243;3;1;0;0;0;0;53;1;1
2454;25;1;0;0;0;0;53;1;1
2961;23;0;0;0;0;0;25;1;0
14323;5;0;0;0;0;0;32;1;1
8222;14;0;0;0;0;0;45;1;1
16803;4;0;0;0;0;0;46;1;1
3074;6;0;0;0;0;0;31;1;0
4025;18;1;0;0;0;0;79;1;1
8427;14;0;0;0;0;0;84;0;1
2837;8;1;0;0;0;0;66;0;1
23055;8;1;0;0;0;0;82;1;1
1469;14;1;0;0;0;0;55;1;0
2627;14;0;0;0;0;0;31;1;0
23096;8;1;0;0;0;0;79;1;1
14326;4;0;0;0;0;0;25;0;0
18974;4;1;0;0;0;0;31;0;0
15472;9;0;0;0;0;0;82;1;0
9386;8;1;0;0;0;0;49;0;1
20600;27;0;0;0;0;0;29;1;1
23382;7;1;0;0;0;0;62;0;1
3527;7;0;0;0;0;0;47;0;0
3095;6;0;0;0;0;0;24;0;0
20081;18;1;0;0;0;0;42;0;1
1145;29;1;0;0;0;0;28;1;1
366;8;0;0;0;0;0;32;1;0
20535;30;0;0;0;0;0;31;1;0
12637;9;0;0;0;0;0;26;1;0
16088;15;0;0;0;0;0;34;1;0
3075;6;0;0;0;0;0;23;0;0
8131;17;0;0;0;0;0;62;1;0
12093;26;1;0;0;0;0;38;1;1
3036;14;0;0;0;0;0;22;0;0
14906;12;1;0;0;0;0;78;0;1
14709;22;1;0;0;0;0;63;1;1
5436;11;0;0;0;0;0;39;1;0
18762;12;0;0;0;0;0;38;1;0
3363;12;1;0;0;0;0;43;0;0
7692;2;0;0;0;0;0;89;1;0
4346;27;1;0;0;0;0;64;1;1
10490;6;1;0;0;0;0;49;1;1
816;20;1;0;0;0;0;48;1;1
21162;21;0;0;0;0;0;36;0;0
20795;10;0;0;0;0;0;52;0;1
17269;11;0;0;0;0;1;51;1;0
1825;30;1;0;0;0;0;24;1;1
22698;24;0;0;0;0;0;49;1;1
16788;19;0;0;0;0;1;57;1;0
18262;15;1;0;0;0;0;64;1;1
21755;27;0;0;0;0;0;27;0;1
4782;20;1;0;0;0;0;74;1;1
9889;28;1;0;0;0;0;58;1;1
5210;7;0;0;0;0;0;26;1;0
12998;20;0;0;0;0;0;46;1;0
21081;22;1;0;0;0;0;54;1;0
1036;9;0;0;0;0;0;39;1;0
18172;19;0;0;0;0;0;48;1;1
3898;21;1;0;0;0;0;75;1;0
19004;5;0;0;0;0;0;24;0;0
8246;14;0;0;0;0;1;24;1;0
19266;6;0;0;0;0;0;24;1;0
5234;7;1;0;0;0;0;38;1;1
11190;3;0;0;0;0;0;35;1;1
5474;11;0;0;0;0;0;32;1;0
21079;22;0;0;0;0;0;30;1;1
23059;8;0;0;0;0;0;27;1;0
23119;8;0;0;0;0;1;25;0;0
6279;11;0;0;0;0;0;73;1;0
16517;15;1;0;0;0;0;54;1;0
21587;29;0;0;0;0;0;35;1;0
20507;17;0;0;0;0;1;41;0;1
21665;27;0;0;0;0;0;40;1;0
12263;5;0;0;0;0;0;31;0;0
1179;27;0;0;0;0;0;29;1;0
14519;6;0;0;0;0;0;36;1;0
5185;23;0;0;0;0;1;30;1;0
19496;3;1;0;0;0;0;106;1;1
18269;15;0;0;0;0;0;53;1;0
8350;16;0;0;0;0;0;41;0;0
20865;3;0;0;0;0;0;36;1;0
12793;13;1;0;0;0;0;62;0;0
23421;7;0;0;0;0;0;38;0;0
6999;17;0;0;0;0;0;77;1;0
20744;30;0;0;0;0;0;29;1;0
22447;19;0;0;0;0;1;27;0;0
9416;27;0;0;0;0;0;25;0;0
21164;21;0;0;0;0;0;51;0;0
18297;21;0;0;0;0;0;27;0;0
17439;10;1;0;0;0;0;50;1;1
14221;15;1;0;0;0;0;58;1;1
3705;4;0;0;0;0;0;32;1;0
21006;20;1;0;0;0;0;57;1;1
20686;27;0;0;0;0;0;93;1;0
11217;3;1;0;0;0;0;59;1;1
22597;24;0;0;0;0;0;70;1;1
3330;14;0;0;0;0;0;62;1;1
22839;18;1;0;0;0;0;74;0;1
484;14;1;0;0;0;0;41;1;1
14196;10;1;0;0;0;0;67;1;0
8331;15;0;0;0;0;1;82;1;1
6640;19;1;0;0;0;0;72;1;1
23281;7;1;0;0;0;0;55;1;1
22314;10;0;0;0;0;0;40;0;0
9123;27;0;0;0;0;0;46;1;0
7459;28;0;0;0;0;0;21;0;0
2910;23;0;0;0;0;0;65;1;1
9540;2;0;0;0;0;0;21;1;0
6858;2;0;0;0;0;0;25;1;1
3918;21;1;0;0;0;0;58;0;1
7107;20;1;0;0;0;0;56;1;1
14089;12;1;0;0;0;0;54;1;1
11531;24;0;0;0;0;0;35;0;1
21623;27;0;0;0;0;0;52;1;0
8813;10;0;0;0;0;0;31;1;0
10571;30;0;0;0;0;0;27;1;0
6114;11;0;0;0;0;0;76;1;0
7176;29;1;0;0;0;0;24;0;1
4818;20;0;0;0;0;0;24;1;0
4778;20;0;0;0;0;0;54;1;1
10874;13;0;0;0;0;0;32;1;0
4779;20;1;0;0;0;0;59;1;1
19289;3;0;0;0;0;0;20;1;0
18315;21;1;0;0;0;0;55;1;0
15465;9;0;0;1;0;1;61;1;0
12980;20;0;0;0;0;0;19;1;0
22474;19;1;0;0;0;0;50;1;0
19997;6;0;0;0;0;0;80;1;1
827;20;0;0;0;0;0;19;1;0
20336;4;0;0;0;0;0;63;0;1
22475;19;1;0;0;0;0;56;1;0
7101;20;0;0;0;0;0;47;1;1
7417;28;1;0;0;0;0;40;0;0
2422;25;1;0;1;0;1;37;1;1
14049;9;1;0;0;0;0;89;1;1
5713;11;1;0;0;0;0;73;0;1
15260;10;1;0;0;0;0;74;1;1
11832;18;0;0;0;0;0;65;0;0
6793;2;0;0;0;0;0;29;1;1
20262;17;1;0;0;0;0;54;1;1
5985;11;1;0;0;0;0;91;1;1
6738;24;0;0;0;0;0;32;1;0
21732;2;0;0;0;0;0;38;1;0
5426;9;0;0;0;0;0;20;0;0
9282;4;0;0;0;0;0;34;0;1
21863;10;0;0;0;0;0;54;1;0
9447;14;0;0;0;0;0;53;0;1
4059;28;1;0;0;0;0;44;1;1
7235;28;0;0;0;0;0;52;1;0
6270;11;1;0;0;0;0;85;1;1
166;27;0;0;0;0;0;29;0;0
20542;30;1;0;0;0;0;65;1;1
14911;12;0;0;0;0;0;58;1;1
8847;25;0;0;0;0;0;36;1;0
11484;2;1;0;0;0;0;30;0;1
19745;6;0;0;0;0;0;62;1;0
13935;25;0;0;0;0;0;31;1;0
16131;12;0;0;0;0;0;32;1;0
8628;17;0;0;0;0;0;21;0;0
9519;12;0;0;0;0;0;23;0;0
17970;19;1;0;0;0;0;76;0;1
14355;30;0;0;0;0;0;78;1;0
5230;7;1;0;0;0;0;49;1;1
4880;12;1;0;0;0;0;75;1;1
21824;28;0;0;0;0;0;65;1;0
1816;30;0;0;0;0;1;25;0;0
9467;14;1;0;0;0;0;76;1;1
5621;11;0;0;0;0;0;20;0;0
3044;20;0;0;0;0;0;40;1;1
13001;20;0;0;0;0;0;48;1;0
14048;9;0;0;1;0;1;39;1;0
6792;2;1;0;0;0;0;44;1;1
7782;27;0;0;0;0;0;30;0;0
4295;27;1;0;0;0;0;79;1;1
22703;28;0;0;0;0;0;27;0;0
22120;29;0;0;0;0;0;52;1;1
1731;30;0;0;0;0;0;35;1;0
1304;16;0;0;0;0;0;28;1;0
17923;22;0;0;0;0;0;28;1;1
7859;12;0;0;0;0;0;22;0;1
15732;27;0;0;0;0;0;51;1;0
5919;11;1;0;0;0;0;84;1;1
892;18;0;0;0;0;0;60;1;1
22973;17;0;0;0;0;0;74;1;0
17436;10;0;0;0;0;0;82;1;0
22927;17;1;0;0;0;0;24;1;0
10597;17;1;0;0;0;0;49;1;1
8008;16;0;0;0;0;0;38;1;0
20084;18;1;0;0;0;0;63;1;1
5503;11;0;0;0;0;0;35;1;0
11404;2;1;0;0;0;0;26;1;1
7668;2;0;0;0;0;0;43;1;1
6218;11;1;0;0;0;0;85;1;1
8665;25;1;0;0;0;0;34;0;1
3262;13;0;0;0;0;0;30;1;0
6456;11;0;0;0;0;0;78;1;0
23037;16;1;0;0;0;0;32;0;0
2603;17;1;0;0;0;0;40;1;1
11802;20;0;0;0;0;0;38;1;0
7071;17;1;0;0;0;0;59;1;1
4470;23;1;0;0;0;0;30;1;1
13030;9;1;0;0;0;0;57;1;1
2461;25;1;0;0;0;0;57;1;1
721;25;0;0;0;0;0;23;0;0
18879;30;0;0;0;0;0;42;1;0
18307;21;0;0;0;0;0;66;1;0
13575;8;1;0;0;0;1;50;0;1
10350;6;0;0;0;0;0;55;0;1
21000;20;1;0;0;0;0;83;1;1
19927;6;0;0;0;0;1;36;1;1
13309;30;0;0;0;0;0;27;1;0
18160;19;0;0;0;0;0;39;1;0
11385;7;0;0;0;0;0;48;1;1
6829;24;1;0;0;0;0;43;1;0
18133;6;1;0;0;0;0;44;0;1
1870;30;0;0;0;0;0;48;1;0
10452;8;0;0;0;0;0;31;0;0
6785;24;0;0;0;0;0;25;1;0
5485;11;0;0;0;0;0;33;1;0
7050;17;1;0;0;0;0;47;1;1
22040;10;0;0;0;0;0;27;1;0
1275;27;0;0;0;0;0;34;1;1
2504;27;1;0;0;0;0;86;0;0
4486;23;0;0;0;0;0;71;1;1
2755;25;1;0;1;0;1;63;1;1
17799;27;1;0;0;0;0;48;1;1
13478;15;0;0;0;0;0;27;1;0
13257;16;0;0;0;0;0;43;1;0
6180;11;1;0;0;0;0;78;1;1
14790;28;1;0;0;0;0;40;0;1
22604;24;0;0;0;0;0;36;0;0
9960;14;0;0;0;0;0;30;1;0
22382;30;0;0;0;0;0;34;1;0
1953;24;1;0;0;0;0;37;1;1
1615;22;1;0;0;0;0;68;1;0
18713;21;0;0;0;0;0;49;1;1
21717;2;1;0;0;0;0;39;1;1
15865;7;1;0;0;0;0;28;0;0
2857;25;0;0;0;0;0;38;0;1
19501;3;1;0;0;0;0;70;1;1
13536;2;0;0;0;0;0;34;1;1
10011;14;0;0;0;0;0;82;0;0
20430;23;0;0;0;0;0;52;0;0
5520;11;0;0;0;0;0;40;0;0
11101;6;0;0;0;0;0;44;1;0
13326;30;0;0;0;0;0;25;1;0
13429;15;0;0;0;0;0;58;1;1
16540;16;0;0;0;0;0;32;1;0
20253;17;0;0;0;0;0;58;0;1
1264;27;0;0;0;0;0;32;1;0
10980;24;0;0;0;0;0;29;1;0
5435;11;0;0;0;0;0;21;1;0
22119;29;0;0;0;0;0;43;1;1
5362;30;0;0;0;0;0;43;1;0
14614;20;0;0;0;0;1;51;1;0
13955;26;1;0;0;0;0;72;1;1
13024;9;1;0;0;0;0;71;1;1
3447;7;1;0;0;0;0;27;0;1
8620;17;0;0;0;0;0;41;0;0
12646;10;0;0;0;0;0;24;1;0
641;9;1;0;0;0;0;31;0;1
6213;11;1;0;0;0;0;82;0;1
7731;24;1;0;0;0;0;61;1;0
23252;7;1;0;0;0;0;51;1;1
17643;5;0;0;0;0;0;30;1;0
11219;3;0;0;0;0;0;56;1;0
11481;2;0;0;0;0;0;28;0;1
7192;29;0;0;0;0;0;45;1;0
11227;3;0;0;0;0;0;42;1;0
16542;16;0;0;0;0;0;27;1;0
11162;5;0;0;0;0;0;18;0;0
15152;10;1;0;0;0;0;26;0;0
11652;9;1;0;0;0;0;93;0;1
3574;18;1;0;0;0;0;40;1;1
22010;10;0;0;0;0;0;35;0;0
13230;10;0;0;0;0;0;33;1;0
12633;9;0;0;0;0;0;33;1;0
10085;14;1;0;0;0;0;77;1;1
7928;10;0;0;0;0;0;48;0;0
12167;12;1;0;0;0;0;84;1;1
4549;27;0;0;0;0;0;22;1;1
20961;4;0;0;0;0;1;92;1;0
23008;17;0;0;0;0;0;74;1;0
2449;25;0;0;0;0;1;24;0;0
10044;14;1;0;0;0;0;75;1;1
11879;17;0;0;0;0;0;35;1;0
16829;13;0;0;0;0;0;44;1;0
4028;18;1;0;0;0;0;54;1;1
11667;8;0;0;0;0;0;38;1;0
3234;26;1;0;0;0;0;82;0;1
19042;29;1;0;0;0;0;77;1;1
6175;11;1;0;0;0;0;70;0;1
10649;12;1;0;0;0;0;46;1;0
6518;11;1;0;0;0;0;75;1;1
8722;18;0;0;0;0;0;91;1;0
20188;17;1;0;0;0;0;65;0;1
6186;11;1;0;0;0;0;72;0;1
7003;17;1;0;0;0;0;84;1;1
11690;17;0;0;0;0;0;41;1;0
14056;9;1;0;0;0;0;59;0;1
16664;19;0;0;0;0;0;28;0;0
11003;24;0;0;0;0;0;32;1;0
13108;10;0;0;0;0;0;27;1;1
22034;10;0;0;0;0;0;33;0;0
20393;9;0;0;0;0;0;30;1;1
8727;18;0;0;0;0;0;57;1;1
8174;29;0;0;0;0;0;52;1;0
13761;19;0;0;0;0;0;70;0;0
23170;25;0;0;0;0;0;35;1;0
20139;18;0;0;1;0;1;79;1;1
23430;29;0;0;0;0;0;53;1;0
16774;19;0;0;0;0;0;31;0;0
18871;30;0;0;0;0;0;72;1;1
3942;8;0;0;0;0;0;25;1;1
15206;9;0;0;0;0;1;29;1;0
23449;29;0;0;0;0;0;24;1;1
9828;27;1;0;0;0;0;72;1;1
19795;6;1;0;0;0;1;89;1;1
15916;7;1;0;0;0;0;68;1;0
20640;30;0;0;0;0;0;35;1;0
3019;15;0;0;0;0;0;21;1;0
1363;16;0;0;0;0;0;54;0;0
12707;13;0;0;0;0;0;29;1;0
11908;20;0;0;0;0;0;33;1;1
18366;21;0;0;0;0;0;51;1;0
8619;17;1;0;0;0;1;46;0;0
3187;16;0;0;0;0;0;20;1;0
16285;29;1;0;0;0;0;62;0;1
19813;6;0;0;1;0;1;76;0;0
4411;23;1;0;0;0;0;82;1;1
9483;14;1;0;0;0;0;58;1;0
14604;20;0;0;0;0;0;21;0;0
18992;5;0;0;0;0;0;52;1;0
6465;11;1;0;0;0;0;72;1;1
939;28;1;0;0;0;0;70;1;1
7332;3;1;0;0;0;1;44;0;1
9421;14;0;0;0;0;0;29;0;0
17270;11;1;0;0;0;0;81;1;1
21731;27;0;0;0;0;0;30;1;0
2820;7;0;0;0;0;0;21;1;0
15196;9;0;0;0;0;0;40;0;0
14876;24;0;0;0;0;0;41;0;0
14377;12;1;0;0;0;0;19;0;0
9002;25;0;0;0;0;0;51;0;1
10019;14;0;0;0;0;0;73;0;1
5902;11;1;0;0;0;0;77;1;1
8942;27;1;0;0;0;0;31;0;1
248;10;0;0;0;0;0;44;1;1
20224;17;0;0;0;0;0;61;1;0
8459;16;0;0;0;0;1;67;1;0
15494;9;0;0;0;0;0;65;1;0
1468;14;0;0;0;0;0;24;1;0
15556;3;0;0;0;0;0;40;1;0
5091;12;0;0;0;0;0;36;1;0
13853;24;0;0;0;0;0;20;0;1
10034;15;0;0;0;0;1;39;0;1
5094;12;0;0;0;0;0;39;1;0
18074;16;0;0;0;0;0;81;1;0
22735;16;1;0;0;0;0;42;1;0
22746;16;0;0;0;0;0;49;1;0
18371;21;0;0;0;0;0;34;1;1
17404;4;0;0;0;0;0;19;1;0
12894;6;0;0;0;0;0;50;1;1
16521;15;0;0;0;0;0;32;1;0
2044;17;1;0;0;0;0;45;1;1
16826;13;0;0;0;0;0;39;1;0
7977;14;0;0;0;0;0;37;1;0
9315;4;1;0;0;0;0;44;1;1
8457;15;0;0;0;0;0;65;1;0
13431;15;0;0;0;0;0;46;0;0
4527;5;1;0;0;0;0;46;1;1
283;26;1;0;0;0;0;50;0;1
665;12;0;0;0;0;0;46;1;0
5580;11;1;0;0;0;0;73;0;1
3186;16;0;0;0;0;0;34;1;0
693;11;1;0;0;0;0;51;0;0
650;10;0;0;0;0;0;34;1;1
22058;19;1;0;0;0;0;88;1;1
21947;10;0;0;0;0;0;35;1;0
5195;7;0;0;0;0;1;30;1;0
23198;27;0;0;0;0;0;52;1;1
3421;10;1;0;0;0;0;40;1;1
1930;24;1;0;1;0;1;76;0;1
21701;24;1;0;0;0;1;27;1;0
10517;29;1;0;0;0;0;84;1;1
10710;21;0;0;0;0;0;36;1;0
21853;9;0;0;0;0;0;27;0;0
8446;14;0;0;0;0;0;74;1;1
5555;11;0;0;0;0;0;23;1;0
13119;4;1;0;0;0;0;69;1;1
17241;12;1;0;0;0;0;65;0;0
17058;12;0;0;0;0;0;70;1;0
18070;16;0;0;0;0;0;60;1;0
14331;5;0;0;0;0;0;34;0;0
11145;6;0;0;0;0;0;38;1;1
4516;5;0;0;0;0;0;52;1;0
3743;26;0;0;0;0;0;34;1;1
12471;5;1;0;0;0;1;32;1;0
12472;5;1;0;0;0;0;33;1;1
19469;3;0;0;0;0;0;68;1;0
1963;24;0;0;0;0;0;38;1;0
15349;7;1;0;0;0;0;55;1;0
15619;23;1;0;0;0;0;54;1;1
11841;17;1;0;0;0;0;81;1;1
19798;6;1;0;0;0;0;87;1;0
5766;11;0;0;0;0;0;88;0;0
22526;22;1;0;0;0;0;35;0;1
5739;11;1;0;0;0;0;80;1;1
7965;14;0;0;0;0;0;32;1;0
2801;7;0;0;0;0;0;26;1;1
15455;7;0;0;0;0;0;33;1;0
6102;11;1;0;0;0;0;72;0;1
3595;18;1;0;0;0;0;76;1;1
4675;19;0;0;0;0;0;30;1;0
7345;25;0;0;0;0;0;66;1;0
3747;26;0;0;0;0;0;64;1;0
22890;17;0;0;0;0;0;22;0;0
1983;18;0;0;0;0;0;84;1;1
8159;29;1;0;0;0;0;87;1;1
9453;14;0;0;0;0;0;37;1;0
6359;11;0;0;0;0;0;75;0;0
8955;25;0;0;0;0;0;29;0;0
19890;6;1;0;0;0;0;68;1;0
15998;26;0;0;0;0;0;NA;1;0
18006;19;0;0;0;0;0;57;0;0
2490;25;0;0;0;0;0;24;0;0
8692;18;0;0;0;0;0;80;1;0
345;18;0;0;0;0;0;51;1;0
2826;25;0;0;0;0;0;60;1;1
8710;18;0;0;0;0;0;90;0;0
11547;24;1;0;0;0;0;73;1;1
12274;18;0;0;0;0;0;38;1;0
10934;30;1;0;0;0;0;56;1;0
7678;2;0;0;0;0;0;22;0;0
4989;12;0;0;0;0;0;28;1;0
22873;17;0;0;0;0;0;26;0;0
12527;17;0;0;0;0;0;79;1;1
17423;25;1;0;0;0;0;68;0;1
5552;11;0;0;0;0;0;35;1;0
5508;11;0;0;0;0;0;44;1;0
18680;20;0;0;0;0;1;NA;1;1
22073;10;1;0;0;0;1;60;1;0
17348;18;1;0;0;0;0;64;1;1
1449;9;1;0;0;0;0;58;0;1
14445;22;0;0;0;0;0;27;1;1
17091;13;1;0;0;0;0;60;0;1
7776;27;0;0;0;0;0;76;1;1
10776;22;0;0;0;0;0;33;1;1
15864;7;0;0;0;0;0;26;1;1
5718;11;1;0;0;0;0;80;1;1
12194;2;0;0;0;0;0;44;0;1
7878;12;1;0;0;0;0;43;1;0
20437;23;0;0;0;0;0;37;0;0
17735;13;1;0;0;0;0;35;0;0
9234;12;1;0;0;0;0;55;1;0
5364;27;0;0;0;0;0;58;1;1
169;25;1;0;0;0;0;48;1;1
15860;2;0;0;0;0;0;23;1;0
6332;11;0;0;0;0;0;77;1;0
2408;7;0;0;0;0;0;25;1;1
21932;10;0;0;0;0;0;25;0;0
5472;11;0;0;0;0;0;24;0;0
20560;30;0;0;0;0;0;43;0;1
1229;27;0;0;0;0;0;30;1;0
10691;21;0;0;0;0;0;30;1;0
15876;7;0;0;0;0;0;73;1;1
22245;10;0;0;0;0;0;32;0;0
5950;11;0;0;0;0;0;91;0;0
15171;10;1;0;0;0;0;31;0;1
5260;27;1;0;0;0;0;37;1;1
15945;18;0;0;0;0;0;86;1;1
17121;11;1;0;0;0;0;47;1;0
7886;12;0;0;0;0;0;26;1;0
11435;2;1;0;0;0;1;72;1;1
16095;15;0;0;0;0;0;54;1;0
4894;12;0;0;0;0;0;27;1;0
6928;10;1;0;0;0;0;29;0;1
4188;20;1;0;0;0;1;67;1;1
18155;19;0;0;0;0;0;52;1;1
7545;24;0;0;0;0;0;34;1;1
16941;13;1;0;0;0;0;48;1;1
1177;27;0;0;0;0;0;47;1;0
16375;5;0;0;0;0;0;35;1;0
2714;25;0;0;0;0;0;29;1;0
736;25;1;0;0;0;0;44;1;1
12640;10;1;0;0;0;1;38;0;0
7984;14;0;0;0;0;0;29;0;1
5571;11;0;0;0;0;0;40;1;0
14022;26;0;0;0;0;0;47;1;0
251;13;1;0;0;0;0;34;1;1
1520;14;0;0;0;0;0;42;0;0
8448;14;0;0;0;0;0;71;1;1
7472;25;0;0;0;0;0;20;0;0
5134;2;0;0;0;0;0;41;1;0
8585;27;0;0;0;0;0;38;1;0
18073;16;0;0;0;0;0;75;1;0
8029;16;1;0;0;0;0;42;1;0
9835;27;0;0;0;0;1;37;1;0
2202;10;0;0;0;0;0;28;1;1
9168;6;1;0;0;0;0;NA;1;1
17744;15;0;0;0;0;0;34;1;0
17199;13;0;0;0;0;0;36;0;1
14789;28;0;0;0;0;0;23;0;0
23442;29;0;0;0;0;0;82;1;1
6410;11;0;0;0;0;0;74;1;0
3045;20;0;0;0;0;0;21;1;0
15887;7;0;0;0;0;0;56;0;1
16063;12;0;0;0;0;0;41;0;1
17094;13;0;0;0;0;0;25;0;0
18281;15;0;0;0;0;0;58;1;0
2788;25;0;0;0;0;0;21;1;0
13700;15;0;0;0;0;0;41;0;0
22550;3;1;0;0;0;0;56;0;1
3082;6;0;0;0;0;0;32;1;0
398;17;1;0;0;0;0;57;1;1
14612;20;0;0;0;0;1;35;0;0
19186;10;0;0;0;0;1;40;1;0
5443;11;0;0;0;0;0;27;1;0
20360;4;0;0;0;0;0;30;1;1
9008;27;1;0;0;0;0;39;1;0
9004;25;1;0;0;0;0;83;1;1
4636;2;0;0;0;0;0;45;1;0
2212;10;1;0;0;0;0;45;1;1
15509;9;0;0;0;0;1;92;1;0
22196;8;1;0;0;0;0;33;1;1
7341;12;1;0;0;0;0;69;1;1
7340;12;0;0;1;0;1;61;1;1
8917;27;0;0;0;0;0;27;1;0
7096;17;0;0;0;0;0;66;1;0
18693;21;1;0;0;0;0;33;1;0
10;8;0;0;0;0;0;33;0;1
6320;11;1;0;0;0;0;79;1;1
4814;21;0;0;0;0;0;74;1;0
19775;6;1;0;0;0;0;79;1;1
13474;15;1;0;0;0;0;59;1;1
746;25;1;0;0;0;0;59;1;1
2316;5;0;0;0;0;0;28;1;0
19628;17;0;0;0;0;0;35;1;1
20163;17;0;0;0;0;1;72;1;0
2865;23;1;0;0;0;0;44;1;0
8705;18;0;0;0;0;0;48;1;1
884;17;0;0;0;0;0;41;1;1
10428;8;0;0;0;0;0;31;0;0
2689;23;1;0;0;0;0;51;1;1
12157;12;1;0;0;0;0;56;0;0
22800;22;1;0;0;0;0;59;1;1
18577;24;1;0;0;0;0;37;1;0
17861;11;0;0;0;0;0;44;1;0
5665;11;0;0;0;0;0;20;0;0
8753;9;1;0;0;0;0;67;1;1
21256;20;1;0;0;0;0;43;0;1
14201;10;0;0;0;0;0;71;0;1
8742;18;1;0;0;0;0;40;1;1
4376;18;1;0;0;0;0;46;0;1
4086;13;1;0;0;0;0;38;1;0
8140;17;0;0;0;0;0;78;1;1
16958;11;0;0;0;0;0;83;1;0
17763;15;0;0;0;0;0;47;1;0
7705;2;0;0;0;0;0;35;1;0
1900;30;1;0;0;0;0;30;1;0
12424;7;0;0;0;0;0;34;1;0
9254;12;0;0;0;0;0;38;1;0
22992;17;0;0;0;0;0;35;1;0
20009;2;1;0;0;0;0;50;1;0
7159;24;0;0;0;0;0;41;0;0
1747;30;0;0;0;0;0;36;1;0
9610;23;0;0;0;0;0;41;1;0
17155;11;1;0;0;0;0;68;1;1
10618;27;0;0;0;0;0;43;1;1
16970;11;0;0;0;0;0;75;1;0
20774;30;1;0;0;0;0;37;1;1
21678;24;0;0;0;0;0;30;1;0
4688;19;1;0;0;0;0;23;0;1
18965;5;1;0;0;0;0;81;1;1
5090;12;0;0;0;0;0;38;1;0
2223;19;0;0;0;0;1;29;0;1
7252;28;1;0;0;0;0;71;1;1
5885;11;0;0;0;0;0;91;1;0
480;14;0;0;0;0;0;38;0;1
15530;2;0;0;0;0;0;53;1;1
418;22;0;0;0;0;0;31;1;0
17491;30;0;0;0;0;0;26;1;0
10647;15;0;0;0;0;0;24;1;0
10815;18;0;0;0;0;0;38;0;0
5594;11;1;0;0;0;0;79;1;1
10764;26;0;0;0;0;1;41;1;0
15560;3;1;0;0;0;0;77;1;1
4420;23;1;0;0;0;0;69;1;1
236;15;0;0;0;0;1;42;1;0
8787;10;0;0;0;0;1;26;1;1
10332;6;0;0;0;0;0;29;0;0
2672;23;1;0;0;0;0;47;0;0
21795;28;1;0;0;0;0;55;0;1
3788;9;0;0;0;0;0;39;1;0
6216;11;1;0;0;0;0;83;1;1
9810;27;1;0;0;0;0;81;1;1
14811;24;0;0;0;0;0;70;1;1
1470;14;1;0;0;0;0;35;0;1
15284;7;0;0;0;0;0;45;1;0
12971;18;0;0;0;0;0;32;0;0
11873;17;1;0;0;0;0;77;1;1
20090;18;0;0;0;0;0;39;1;0
3730;26;0;0;0;0;0;44;1;0
10426;8;0;0;0;0;0;46;1;1
6827;24;0;0;0;0;0;30;0;1
2670;23;0;0;0;0;0;33;0;1
16204;24;1;0;0;0;0;37;1;1
14402;12;0;0;0;0;0;40;0;0
9274;4;0;0;0;0;0;52;1;1
555;3;0;0;0;0;0;65;1;1
12831;13;1;0;0;0;1;57;0;0
19794;6;1;0;0;0;0;74;1;0
22043;19;0;0;0;0;0;91;1;1
2832;7;0;0;0;0;0;70;0;0
6015;11;1;0;0;0;0;84;1;1
9441;14;1;0;0;0;0;49;1;0
14866;28;1;0;0;0;0;31;1;0
22753;16;1;0;0;0;0;58;1;1
21181;25;1;0;0;0;0;70;1;1
250;10;0;0;0;0;0;28;0;1
5770;11;1;0;0;0;0;89;1;1
14176;23;0;0;0;0;0;40;0;0
8240;14;0;0;0;0;0;35;1;0
9417;27;0;0;0;0;0;43;0;0
15335;7;0;0;0;0;0;26;0;0
16900;13;0;0;0;0;0;35;0;1
18117;6;0;0;0;0;1;47;1;0
12631;9;0;0;0;0;0;33;1;0
15188;10;1;0;0;0;0;30;1;0
19428;13;0;0;0;0;0;38;1;1
19426;13;1;0;0;0;0;70;1;1
6397;11;1;0;0;0;0;69;0;1
16242;14;1;0;0;0;0;42;1;1
18147;27;0;0;0;0;0;84;0;1
12747;30;0;0;0;0;0;49;0;0
14737;22;0;0;0;0;0;50;1;0
15201;10;0;0;0;0;0;48;0;0
6254;11;1;0;0;0;0;68;1;1
6982;17;1;0;0;0;0;80;1;1
15412;7;0;0;0;0;1;27;1;1
5725;11;1;0;0;0;0;76;1;1
6490;11;0;0;0;0;0;82;1;0
6134;11;0;0;0;0;1;82;1;0
13212;10;1;0;0;0;0;33;1;0
3778;26;0;0;0;0;0;29;0;0
10127;27;1;0;0;0;0;48;1;1
15922;7;0;0;0;0;1;35;0;0
2873;23;0;0;0;0;0;46;0;1
4214;20;1;0;0;0;0;75;1;0
21105;22;0;0;0;0;0;44;1;0
2662;2;0;0;0;0;0;74;1;0
18383;21;1;0;0;0;0;55;1;1
21168;21;1;0;0;0;0;42;1;0
5587;11;1;0;0;0;0;64;0;1
5631;11;1;0;0;0;0;60;1;1
6333;11;1;0;0;0;0;66;1;1
8129;17;0;0;0;0;0;71;1;1
14496;9;0;0;0;0;0;85;1;0
8760;9;0;0;0;0;0;27;1;0
15911;2;0;0;0;0;0;32;1;1
5926;11;0;0;0;0;0;95;1;0
4517;5;1;0;0;0;0;41;0;0
11855;23;1;0;0;0;0;42;1;1
11325;3;1;0;0;0;0;65;1;0
18419;21;1;0;0;0;0;49;1;1
10677;21;1;0;1;0;1;19;0;0
7993;16;0;0;0;0;0;34;1;0
16972;11;0;0;0;0;0;74;0;1
20450;6;0;0;0;0;0;53;1;0
17885;13;0;0;0;0;0;35;1;0
17957;8;0;0;0;0;0;38;1;0
18914;22;0;0;0;0;0;59;1;0
21308;27;0;0;0;0;0;37;1;0
10793;21;0;0;0;0;1;37;1;0
10814;21;0;0;0;0;0;36;1;0
7648;2;1;0;0;0;0;44;1;0
12728;13;1;0;0;0;0;38;1;1
1202;27;0;0;0;0;0;82;0;0
21031;30;0;0;0;0;1;45;1;0
17503;30;0;0;0;0;0;30;1;1
17511;30;1;0;0;0;0;48;1;0
7699;2;1;0;0;0;0;67;1;1
21601;29;0;0;0;0;1;33;1;0
21422;4;0;0;0;0;0;54;1;1
9218;12;0;0;0;0;1;58;1;0
1817;30;1;0;0;0;0;39;1;0
9717;23;0;0;0;0;0;70;1;1
18629;23;1;0;0;0;0;82;1;1
12992;20;1;0;0;0;0;49;1;1
3369;14;0;0;0;0;0;62;0;1
872;17;1;0;0;0;0;72;1;1
8149;17;1;0;0;0;0;72;1;1
20117;18;0;0;0;0;0;56;1;0
4999;12;0;0;0;0;0;91;1;0
8104;14;1;0;0;0;0;80;1;1
810;20;0;0;0;0;0;38;1;0
18060;16;0;0;0;0;0;78;1;0
8663;26;1;0;0;0;0;26;1;0
13034;9;1;0;0;0;0;62;1;1
5281;27;1;0;0;0;0;29;0;1
5492;11;0;0;0;0;0;35;1;0
19272;3;0;0;0;0;0;48;1;0
267;3;0;0;0;0;0;54;1;0
17683;5;1;0;0;0;0;NA;1;0
10552;29;1;0;0;0;0;64;1;0
13859;24;0;0;0;0;0;21;0;0
3922;21;1;0;0;0;0;54;1;0
15410;8;0;0;0;0;1;32;1;1
4706;2;0;0;0;0;0;38;1;0
11610;8;0;0;0;0;0;NA;1;1
3379;14;0;0;0;0;0;47;1;0
21278;24;1;0;0;0;0;48;1;0
19530;3;0;0;0;0;0;66;1;1
12200;2;0;0;0;0;1;68;0;1
3563;6;0;0;0;0;0;71;1;0
19560;3;0;0;0;0;0;63;1;0
9975;16;0;0;0;0;1;57;1;0
12206;2;0;0;0;0;0;40;0;1
10216;6;0;0;0;0;0;31;0;0
20237;17;0;0;0;0;0;49;0;0
17717;13;0;0;0;0;0;28;0;0
3711;3;0;0;0;0;1;31;1;0
12433;26;1;0;0;0;0;69;1;1
11618;9;0;0;0;0;0;31;1;1
15832;7;0;0;0;0;0;71;1;1
7364;24;0;0;0;0;0;86;1;1
17288;11;1;0;0;0;0;40;1;1
6422;11;1;0;0;0;0;73;1;1
17702;13;0;0;0;0;0;NA;0;1
4883;12;0;0;0;0;0;28;0;0
2523;27;0;0;0;0;0;34;0;0
14861;28;0;0;0;0;1;30;1;1
8716;18;1;0;0;0;0;67;1;1
5758;11;0;0;0;0;0;92;1;0
1895;30;0;0;0;0;0;42;1;0
11284;3;1;0;0;0;0;65;1;1
14378;12;1;0;0;0;0;32;0;0
15208;9;1;0;0;0;0;25;1;1
6088;11;1;0;0;0;0;84;1;1
7131;23;0;0;0;0;0;27;0;0
20974;4;0;0;0;0;0;44;0;0
18377;21;0;0;0;0;0;19;0;0
20988;5;0;0;0;0;0;48;1;1
8367;14;0;0;0;0;0;84;0;0
6412;11;0;0;0;0;0;65;1;0
18669;21;0;0;0;0;0;27;1;0
8389;14;1;0;0;0;0;71;1;0
2772;23;0;0;0;0;0;42;0;1
10325;6;0;0;0;0;0;47;1;0
8015;16;0;0;0;0;0;81;1;0
19187;10;0;0;0;0;0;53;1;0
21616;24;0;0;0;0;0;28;0;0
1193;27;1;0;0;0;0;38;1;0
9845;2;0;0;0;0;0;67;0;0
4324;23;1;0;0;0;0;56;1;1
4305;23;0;0;0;0;0;31;1;1
20221;17;0;0;0;0;0;38;1;0
21758;27;1;0;0;0;0;49;1;1
3822;10;1;0;0;0;0;59;1;0
15568;23;0;0;0;0;0;64;1;0
6317;11;1;0;0;0;0;82;1;1
14081;12;0;0;0;0;0;37;1;0
6229;11;1;0;0;0;0;82;1;1
6222;11;1;0;0;0;0;76;0;1
1714;30;0;0;0;0;0;78;1;1
10577;30;0;0;0;0;0;28;0;0
22340;30;1;0;0;0;0;27;1;1
23448;29;0;0;0;0;0;22;0;0
6207;11;1;0;0;0;0;87;1;1
17700;13;0;0;0;0;0;88;1;1
19799;6;0;0;0;0;0;92;1;1
9684;21;1;0;0;0;0;69;1;1
10705;21;0;0;0;0;0;73;1;1
23305;7;1;0;0;0;0;53;0;1
19005;4;1;0;0;0;0;35;1;0
20699;27;1;0;0;0;0;65;1;0
8076;27;0;0;0;0;0;40;0;1
11666;8;0;0;0;0;0;28;1;1
11408;2;0;0;0;0;0;29;1;1
4539;4;1;0;0;0;1;37;0;0
20390;9;0;0;0;0;0;28;0;0
172;27;1;0;0;0;0;37;0;1
14839;28;1;0;0;0;0;41;1;0
14454;21;0;0;0;0;0;30;1;1
21319;25;0;0;1;0;1;63;1;0
18208;19;0;0;0;0;0;37;1;0
11374;7;0;0;0;0;0;63;1;0
7617;24;0;0;0;0;0;36;1;0
3701;3;0;0;0;0;0;45;1;0
10035;16;0;0;0;0;0;31;1;0
16247;14;0;0;0;0;0;47;1;0
10859;19;0;0;0;0;0;63;0;0
2390;5;1;0;0;0;0;68;1;1
6210;11;0;0;0;0;0;72;1;0
12681;13;0;0;0;0;0;67;1;1
22638;28;1;0;0;0;0;50;1;1
22695;28;1;0;0;0;0;49;0;0
1707;30;1;0;0;0;0;66;1;1
5110;2;1;0;0;0;0;58;1;1
4062;28;0;0;0;0;0;29;0;0
2624;16;0;0;0;0;0;52;1;0
5755;11;0;0;0;0;0;91;1;0
6199;11;1;0;0;0;0;80;1;1
4840;22;1;0;0;0;0;93;0;1
1776;30;0;0;0;0;1;29;1;0
2122;26;1;0;0;0;0;77;1;1
19373;30;1;0;0;0;0;45;1;1
13338;30;1;0;0;0;0;45;1;1
23352;7;1;0;0;0;0;26;1;0
4476;23;1;0;0;0;0;80;1;1
12201;2;0;0;0;0;0;25;1;0
7675;24;1;0;0;0;0;34;1;1
3825;10;1;0;0;0;0;82;1;1
5780;11;1;0;0;0;0;92;0;1
18122;6;0;0;0;0;0;81;1;0
11389;2;1;0;0;0;0;90;0;0
1438;9;1;0;0;0;0;53;1;1
1880;30;0;0;0;0;0;82;1;0
2180;10;1;0;0;0;0;36;0;0
13592;8;0;0;1;0;1;34;1;0
5;8;0;0;0;0;0;81;1;1
1999;17;0;0;0;0;0;48;1;0
2012;25;0;0;0;0;0;50;1;0
22051;10;0;0;0;0;0;39;0;0
19058;29;0;0;0;0;1;56;0;0
12817;13;0;0;0;0;0;31;1;0
18995;5;0;0;0;0;0;28;1;0
1409;12;0;0;0;0;0;31;1;0
18282;15;0;0;0;0;0;23;0;0
5624;11;0;0;0;0;0;26;0;0
2248;6;0;0;0;0;0;32;1;1
8256;14;0;0;0;0;0;30;0;0
11455;2;0;0;0;0;0;22;1;0
19609;17;0;0;0;0;0;31;1;0
13453;15;0;0;0;0;0;49;1;0
17081;11;1;0;0;0;0;26;1;1
11677;8;0;0;0;0;1;23;1;0
4135;26;1;0;1;0;1;32;1;0
4213;20;1;0;0;0;0;53;1;0
5893;11;1;0;0;0;0;81;1;1
19626;17;1;0;0;0;0;68;1;1
22988;17;0;0;0;0;0;44;0;1
5951;11;1;0;1;0;1;84;1;1
6417;11;0;0;0;0;0;75;1;0
20269;17;1;0;0;0;0;41;1;1
16188;24;0;0;0;0;0;20;1;0
22725;23;0;0;0;0;0;54;1;0
20384;9;1;0;0;0;0;30;0;0
8938;27;0;0;1;0;1;38;0;1
12122;26;0;0;0;0;0;35;1;0
16627;4;1;0;0;0;0;55;1;1
13649;6;1;0;0;0;0;68;1;0
13644;6;0;0;0;0;0;35;1;0
1608;22;1;0;0;0;0;49;1;1
1940;24;1;0;0;0;1;52;1;0
4226;11;0;0;0;0;0;20;0;0
18604;24;1;0;0;0;0;47;1;1
14281;18;0;0;0;0;0;72;1;1
23286;7;1;0;0;0;0;38;1;0
22898;17;0;0;0;0;0;25;1;0
1700;30;0;0;0;0;0;90;1;0
11770;19;1;0;0;0;1;53;1;0
15626;23;0;0;0;0;0;50;1;1
2261;28;0;0;0;0;0;35;1;0
21727;27;0;0;0;0;0;36;1;1
20248;17;1;0;0;0;0;61;1;1
2505;27;1;0;0;0;0;53;1;1
2095;5;1;0;0;0;0;44;1;0
13992;25;1;0;0;0;0;50;1;0
11075;6;1;0;0;0;0;55;1;1
9106;26;1;0;0;0;0;32;1;1
9306;4;0;0;0;0;1;41;0;0
6230;11;0;0;0;0;0;78;0;0
5476;11;0;0;0;0;0;42;1;0
8866;27;0;0;0;0;0;48;0;0
22779;16;0;0;0;0;1;57;1;0
13131;6;0;0;0;0;0;28;1;0
10040;14;0;0;0;0;0;73;1;1
1295;16;0;0;0;0;0;55;1;0
13287;15;0;0;1;0;1;32;1;0
13602;15;0;0;0;0;1;38;1;0
1828;30;0;0;0;0;0;26;1;0
11973;15;0;0;0;0;0;37;1;1
7992;16;0;0;0;0;0;36;1;0
2775;16;0;0;0;0;0;32;0;0
13465;14;0;0;0;0;0;40;1;0
2317;5;0;0;0;0;0;59;1;0
2322;5;0;0;0;0;0;35;1;0
301;27;0;0;0;0;0;48;0;0
20642;30;0;0;0;0;0;32;0;0
14921;12;0;0;0;0;0;28;1;1
19525;3;0;0;0;0;0;75;0;0
8376;15;0;0;0;0;0;23;1;0
8425;15;1;0;1;0;1;54;1;1
8306;15;0;0;0;0;0;24;1;0
13688;15;0;0;0;0;0;43;1;0
1508;14;0;0;0;0;1;33;0;0
14302;5;0;0;0;0;0;36;1;0
18061;16;1;0;0;0;0;59;1;1
3673;4;1;0;0;0;0;38;1;1
21536;12;0;0;0;0;0;36;0;1
8591;29;0;0;0;0;0;19;1;0
21728;27;0;0;0;0;1;35;0;0
8211;14;0;0;0;0;0;43;0;0
19257;6;0;0;0;0;0;33;1;0
337;4;0;0;0;0;0;36;1;0
3114;6;0;0;0;0;0;24;0;0
16589;23;0;0;0;0;0;18;0;0
17066;13;0;0;0;0;0;57;1;0
12483;5;0;0;0;0;0;28;1;0
8243;14;1;0;0;0;0;61;0;0
12261;6;0;0;0;0;1;32;1;0
18271;15;0;0;0;0;0;27;1;0
10362;3;0;0;0;0;0;46;1;1
19462;3;1;0;0;0;0;21;1;0
10029;16;0;0;0;0;0;20;0;1
7601;2;0;0;0;0;0;34;1;0
10168;8;1;0;0;0;0;49;0;1
5438;11;0;0;0;0;1;34;1;0
5544;11;1;0;0;0;0;41;0;1
18520;24;0;0;0;0;0;74;1;1
14616;21;0;0;0;0;0;26;0;0
6791;2;0;0;0;0;0;24;1;1
1710;30;1;0;0;0;0;79;1;1
14735;22;0;0;0;0;0;30;1;0
16392;5;0;0;1;0;1;46;1;0
10109;6;1;0;0;0;0;44;1;0
10991;24;1;0;0;0;0;45;1;1
18927;22;0;0;0;0;0;28;1;1
4835;2;1;0;0;0;0;54;1;1
2068;20;1;0;0;0;0;42;1;1
6959;9;0;0;0;0;0;31;1;0
18247;19;0;0;0;0;0;35;0;0
9184;27;0;0;0;0;0;27;1;0
14713;22;1;0;0;0;0;52;1;0
17131;11;0;0;0;0;0;24;1;0
4525;5;1;0;0;0;0;75;1;1
2407;7;1;0;0;0;0;28;1;1
19218;8;0;0;0;0;0;68;1;0
548;3;0;0;0;0;1;54;1;0
20975;4;0;0;0;0;0;47;0;0
11058;14;0;0;0;0;0;68;1;0
10082;14;1;0;0;0;0;91;1;0
712;12;1;0;0;0;0;40;1;1
15755;2;1;0;0;0;0;52;1;1
7121;20;0;0;0;0;0;38;1;1
14878;24;1;0;0;0;0;76;1;1
19807;6;1;0;0;0;0;77;1;1
21333;25;1;0;0;0;0;56;1;1
12844;18;1;0;0;0;0;76;1;1
13775;19;0;0;0;0;0;39;0;1
14697;10;0;0;0;0;0;35;0;0
19637;17;0;0;0;0;0;56;0;1
4162;3;1;0;0;0;0;32;0;0
13273;16;0;0;0;0;0;61;1;0
18485;23;0;0;0;0;0;34;1;0
13278;15;0;0;0;0;1;40;1;0
4174;3;0;0;0;0;0;25;1;0
17398;4;1;0;0;0;0;49;1;1
2994;15;0;0;0;0;0;33;1;0
16114;15;0;0;0;0;0;31;1;0
16175;24;0;0;0;0;0;35;1;0
8028;16;0;0;0;0;0;31;1;0
20965;4;0;0;0;0;0;59;1;0
3642;18;0;0;0;0;0;28;1;0
3715;3;0;0;0;0;0;37;1;0
3648;3;0;0;0;0;0;34;1;0
2572;17;0;0;0;0;0;69;0;1
16552;16;0;0;0;0;0;28;1;0
9504;12;0;0;0;0;1;22;1;0
1415;4;0;0;0;0;0;31;1;0
8237;14;0;0;0;0;0;29;0;0
3712;3;0;0;0;0;1;43;1;0
17413;16;0;0;0;0;1;26;1;1
12015;6;0;0;0;0;0;33;1;0
13253;16;0;0;0;0;0;44;1;0
2111;4;0;0;0;0;0;29;1;1
12769;13;0;0;0;0;0;39;1;0
22200;8;0;0;0;0;0;40;1;1
1573;22;0;0;0;0;0;58;1;0
10993;24;0;0;0;0;1;35;1;1
6816;24;1;0;0;0;0;32;0;0
18607;24;1;0;0;0;0;73;1;0
6624;11;0;0;0;0;0;30;1;0
23161;27;0;0;0;0;0;50;1;0
19669;21;0;0;0;0;0;41;1;1
15038;8;1;0;0;0;0;53;1;0
7801;27;1;0;0;0;0;31;1;1
23003;17;0;0;0;0;1;34;0;0
18330;20;1;0;0;0;0;70;1;1
12933;18;0;0;0;0;0;42;0;1
6573;11;0;0;0;0;0;70;1;0
22901;17;0;0;0;0;0;50;1;0
6803;24;0;0;0;0;0;36;1;0
14726;22;1;0;0;0;0;57;1;1
3335;15;0;0;0;0;0;33;1;0
9094;25;0;0;0;0;0;86;0;0
8630;17;1;0;0;0;0;38;1;0
7422;28;1;0;0;0;0;89;0;1
3517;7;1;0;0;0;1;49;1;1
23012;17;0;0;0;0;0;60;0;1
15375;9;0;0;0;0;1;32;1;0
21087;22;0;0;0;0;0;27;1;0
1543;14;1;0;0;0;0;32;1;0
22401;5;0;0;0;0;1;27;1;0
5433;11;0;0;0;0;0;59;1;0
18033;16;0;0;0;0;0;42;1;0
3719;3;0;0;0;0;1;43;1;0
13638;6;1;0;0;0;0;44;1;1
13407;15;0;0;0;0;0;27;0;0
7641;2;0;0;0;0;0;30;1;0
11474;7;0;0;0;0;0;30;0;1
4562;27;0;0;0;0;0;18;0;0
9988;14;0;0;0;0;0;20;0;0
14696;10;1;0;0;0;1;76;1;0
12267;13;1;0;0;0;0;70;1;1
156;27;1;0;0;0;0;91;1;1
19753;6;1;0;0;0;0;88;1;0
2659;7;0;0;0;0;1;41;1;0
15298;9;1;0;0;0;0;80;1;1
13858;24;0;0;0;0;0;20;1;1
15770;7;0;0;0;0;0;51;1;1
11951;16;0;0;0;0;0;41;1;0
16967;12;0;0;0;0;0;32;0;0
16043;17;0;0;0;0;0;42;0;1
23076;8;1;0;0;0;0;65;1;1
2339;10;0;0;0;0;0;41;0;0
18846;30;0;0;0;0;0;34;1;0
19557;3;0;0;0;0;0;80;1;1
20489;6;0;0;0;0;0;50;1;0
9460;14;1;0;0;0;0;63;1;0
9202;15;0;0;0;0;0;49;1;0
14486;9;1;0;0;0;1;48;1;1
1119;9;0;0;0;0;0;32;1;0
205;25;0;0;0;0;0;39;1;1
9205;15;0;0;0;0;0;27;0;0
21188;25;1;0;0;0;0;46;1;1
19803;6;0;0;1;0;1;34;1;0
17122;11;0;0;0;0;0;24;0;0
2691;25;0;0;0;0;0;48;1;1
13053;9;0;0;0;0;0;42;1;0
6659;2;1;0;0;0;0;22;0;0
9069;25;1;0;0;0;0;19;0;0
2209;10;0;0;0;0;0;29;1;0
23292;7;0;0;0;0;0;28;1;1
4254;3;1;0;0;0;0;43;1;0
23054;8;1;0;0;0;0;39;1;0
10497;29;1;0;0;0;0;77;1;1
5422;9;1;0;0;0;0;33;1;1
13432;15;1;0;0;0;0;82;1;1
16763;19;1;0;0;0;0;77;0;1
13882;18;0;0;0;0;0;84;1;0
13045;9;0;0;0;0;0;24;0;0
714;12;0;0;0;0;0;56;1;1
11290;3;1;0;0;0;0;65;1;1
5742;11;1;0;0;0;0;77;1;1
19050;29;1;0;0;0;0;36;1;0
13540;2;0;0;0;0;0;45;0;1
14415;26;1;0;0;0;0;87;1;1
19640;17;0;0;0;0;0;33;1;1
11362;2;1;0;1;0;1;42;1;1
1248;27;0;0;0;0;0;44;1;0
10111;6;0;0;0;0;0;39;1;0
22169;27;0;0;0;0;0;27;1;1
8280;14;1;0;0;0;0;90;1;1
6530;11;1;0;0;0;0;81;1;1
1519;14;0;0;0;0;0;80;1;0
18039;16;0;0;0;0;0;77;1;0
5237;7;0;0;0;0;0;22;1;0
15351;9;0;0;0;0;0;28;0;0
9465;14;0;0;0;0;0;42;1;0
5684;11;0;0;0;0;0;59;1;0
20281;17;0;0;0;0;0;30;0;0
3203;16;0;0;0;0;0;22;1;0
14027;26;0;0;0;0;0;27;1;1
19268;6;0;0;0;0;0;30;1;1
10952;30;0;0;0;0;1;47;1;0
10933;30;0;0;0;0;0;23;1;0
15407;10;0;0;0;0;0;32;1;0
4371;18;1;0;0;0;0;81;0;1
17857;13;0;0;0;0;0;85;1;1
6365;11;1;0;0;0;0;90;0;1
16937;13;0;0;0;0;0;23;0;0
10726;12;1;0;0;0;0;40;1;0
12861;18;1;0;0;0;0;74;1;1
15421;9;1;0;0;0;0;81;1;1
20890;8;0;0;0;0;0;82;1;0
6146;11;1;0;0;0;0;72;1;1
21398;4;1;0;0;0;0;57;1;1
11011;24;0;0;0;0;0;31;0;0
9818;27;1;0;0;0;0;82;1;1
6082;11;1;0;0;0;1;86;1;0
10053;14;1;0;0;0;0;78;1;1
12268;13;1;0;0;0;0;79;1;1
16231;13;0;0;0;0;0;51;1;0
19532;3;1;0;0;0;0;80;1;1
15045;8;0;0;0;0;0;32;0;0
5769;11;1;0;0;0;0;62;1;1
15409;9;1;0;0;0;1;34;0;1
10651;12;0;0;0;0;0;39;0;0
1434;9;0;0;0;0;0;32;0;0
22172;27;1;0;0;0;0;29;1;1
8730;18;0;0;0;0;0;43;0;1
2508;27;1;0;0;0;0;57;1;1
3001;15;0;0;0;0;0;79;0;1
8188;29;0;0;1;0;1;83;1;0
3208;16;0;0;0;0;0;48;0;0
4101;7;0;0;0;0;0;37;1;1
6166;11;1;0;1;0;1;86;0;1
10603;17;0;0;0;0;0;41;1;0
9265;11;0;0;0;0;0;72;1;0
12234;5;0;0;0;0;0;78;0;1
14777;28;0;0;0;0;0;33;0;1
10256;6;1;0;0;0;0;49;1;1
4609;29;1;0;0;0;0;42;1;1
10758;26;1;0;0;0;0;53;1;1
10069;14;1;0;0;0;0;71;0;1
20816;26;1;0;0;0;0;73;1;1
14662;9;0;0;0;0;0;41;1;0
6444;11;0;0;0;0;0;81;1;0
10543;29;1;0;0;0;0;71;0;1
15010;11;0;0;0;0;1;58;1;0
15808;7;0;0;0;0;0;25;0;0
18232;19;0;0;0;0;0;41;1;0
10612;17;1;0;0;0;0;72;1;1
14408;26;0;0;0;0;0;39;1;1
2162;10;1;0;0;0;0;80;1;0
8678;26;0;0;0;0;0;53;0;1
18188;19;1;0;0;0;1;66;1;1
14262;18;1;0;0;0;0;76;1;1
20969;4;0;0;0;0;0;39;1;0
10969;9;0;0;0;0;0;36;1;0
21423;4;1;0;0;0;0;37;1;0
11053;14;0;0;0;0;0;54;1;0
22179;27;0;0;0;0;0;29;1;1
20888;8;1;0;0;0;0;30;1;1
5840;11;1;0;0;0;1;63;1;1
18134;6;0;0;0;0;0;47;1;1
11633;8;0;0;0;0;0;58;1;1
11808;5;1;0;0;0;0;NA;1;1
5923;11;1;0;0;0;0;82;1;0
2382;5;0;0;0;0;0;62;1;0
1310;15;1;0;0;0;0;31;0;0
10381;4;0;0;0;0;0;28;1;0
20932;13;0;0;0;0;0;30;0;1
12251;6;1;0;0;0;0;61;1;1
18983;4;0;0;0;0;1;31;0;1
2114;4;0;0;0;0;0;23;1;0
7289;23;0;0;0;0;1;51;1;0
16254;14;1;0;0;0;0;24;1;0
10915;17;1;0;1;0;1;36;0;1
22785;25;0;0;0;0;0;42;0;1
4477;23;1;0;0;0;0;79;1;1
7876;12;0;0;0;0;0;54;1;0
3652;4;0;0;0;0;0;49;1;0
3718;4;0;0;0;0;0;19;0;0
12399;22;0;0;0;0;0;22;0;0
20440;6;0;0;0;0;0;42;1;1
7929;10;1;0;0;0;0;49;1;1
6587;11;1;0;0;0;0;87;1;1
18055;16;0;0;0;0;1;24;1;0
16899;13;1;0;0;0;0;48;1;1
14197;10;0;0;0;0;0;32;0;1
7769;25;0;0;0;0;0;58;1;0
13613;15;0;0;0;0;0;70;1;0
5680;11;1;0;0;0;0;74;1;1
1334;15;1;0;0;0;0;83;1;1
744;25;0;0;0;0;0;31;1;0
15605;21;0;0;0;0;0;32;0;0
3140;6;1;0;0;0;0;38;1;1
5452;11;0;0;0;0;0;29;1;0
3966;7;0;0;0;0;0;26;0;0
6266;11;0;0;0;0;0;86;0;0
18289;15;0;0;0;0;0;36;1;0
2688;24;0;0;0;0;0;25;0;0
17116;12;0;0;0;0;0;37;0;0
11597;28;0;0;0;0;0;48;1;0
2376;5;0;0;0;0;0;30;0;0
5565;11;0;0;0;0;0;42;1;0
4974;12;0;0;0;0;0;40;1;0
12235;5;0;0;0;0;1;51;1;1
7127;23;0;0;0;0;0;36;1;0
12248;6;0;0;0;0;0;40;1;0
18959;5;0;0;0;0;1;25;1;0
10123;27;0;0;0;0;1;30;1;0
5034;12;0;0;0;0;0;32;1;0
7129;23;1;0;0;0;0;54;1;0
16807;4;1;0;0;0;0;25;0;0
11405;2;0;0;0;0;0;54;1;0
13449;15;0;0;0;0;0;64;1;1
5849;11;1;0;0;0;0;89;1;1
11466;2;0;0;0;0;0;40;1;0
3769;26;0;0;0;0;0;36;1;0
16486;16;0;0;0;0;0;29;0;0
6880;2;1;0;0;0;0;51;1;1
18265;15;0;0;0;0;0;41;1;1
15849;7;1;0;0;0;0;61;1;0
658;10;1;0;0;0;0;37;0;1
16252;14;1;0;0;0;0;51;1;1
19797;6;0;0;0;0;0;82;1;0
6550;11;1;0;0;0;0;74;1;1
5810;11;1;0;0;0;0;72;1;1
4816;22;0;0;0;0;0;73;1;1
3037;15;0;0;0;0;0;33;1;1
22709;24;1;0;0;0;0;62;0;0
17711;13;0;0;0;0;0;53;1;0
2813;7;1;0;0;0;0;53;1;1
5876;11;0;0;0;0;0;77;1;0
21275;24;1;0;0;0;0;33;1;0
8254;13;0;0;0;0;0;82;1;1
8201;13;1;0;0;0;1;47;1;0
11502;2;1;0;0;0;0;28;1;1
15652;23;0;0;0;0;0;32;1;0
2986;14;1;0;0;0;0;56;0;1
10279;23;0;0;0;0;0;20;0;0
10281;23;0;0;0;0;1;28;1;0
10238;6;0;0;0;0;0;29;0;1
1604;22;0;0;0;0;0;51;1;0
1500;14;0;0;0;0;0;31;1;1
6864;2;0;0;0;0;0;59;1;0
12510;17;0;0;0;0;0;NA;1;0
21812;27;1;0;0;0;0;47;0;1
13976;25;1;0;1;0;1;47;1;1
22608;24;1;0;0;0;0;68;1;1
8789;10;1;0;1;0;1;77;1;1
10629;27;1;0;0;0;0;38;1;1
12419;22;0;0;0;0;0;22;0;1
1668;26;1;0;0;0;1;68;1;1
14288;18;1;0;0;0;0;73;1;1
10926;17;0;0;0;0;0;34;0;1
1481;14;0;0;0;0;0;43;1;0
3805;9;1;0;0;0;0;48;1;1
6995;17;0;0;0;0;0;41;1;0
13095;10;0;0;0;0;0;46;1;1
5560;11;1;0;0;0;0;54;1;1
6244;11;1;0;0;0;0;65;1;1
17839;13;1;0;1;0;1;77;1;1
9052;25;1;0;0;0;0;70;1;1
20875;10;0;0;1;0;1;50;1;1
15596;2;0;0;0;0;0;31;0;0
9255;12;1;0;0;0;0;43;1;0
5774;11;1;0;1;0;1;75;1;1
17447;10;1;0;1;0;1;25;1;0
10012;14;1;0;0;0;1;76;0;1
14344;18;0;0;0;0;0;80;1;1
8570;13;0;0;0;0;0;21;0;0
23108;8;0;0;0;0;0;27;1;0
16938;13;0;0;0;0;0;66;1;1
15768;7;0;0;0;0;1;67;1;0
728;25;0;0;0;0;0;91;0;0
13541;2;0;0;0;0;0;33;1;0
5005;12;1;0;0;0;0;73;1;0
22743;16;1;0;0;0;0;49;0;1
1032;26;1;0;0;0;0;67;1;1
6938;9;0;0;0;0;1;27;0;0
6551;11;0;0;0;0;0;NA;1;0
5597;11;1;0;0;0;0;62;1;1
7368;24;1;0;0;0;0;54;1;1
14917;12;0;0;0;0;0;51;1;0
9196;27;0;0;0;0;0;38;1;1
7561;24;1;0;0;0;0;54;1;1
13630;17;0;0;0;0;0;72;1;1
15145;9;1;0;0;0;0;71;1;1
7714;24;1;0;0;0;0;35;1;0
19842;6;1;0;0;0;0;79;1;1
8380;14;1;0;0;0;1;50;1;0
11613;8;0;0;0;0;0;39;0;1
4401;23;0;0;0;0;0;39;0;0
9511;14;0;0;0;0;0;40;0;0
3960;7;0;0;0;0;0;72;1;0
7395;28;1;0;0;0;0;51;1;1
19864;6;1;0;0;0;0;75;1;1
5142;2;0;0;0;0;0;25;0;0
16218;24;1;0;0;0;0;71;1;0
19199;10;1;0;0;0;0;55;1;1
925;28;1;0;0;0;0;84;0;1
1589;22;1;0;0;0;0;47;1;0
22425;22;1;0;0;0;0;40;1;1
74;22;1;0;0;0;1;46;1;1
545;12;1;0;0;0;0;60;1;0
2874;24;0;0;0;0;0;20;1;0
4565;27;1;0;0;0;0;76;1;0
3548;6;1;0;0;0;0;40;1;1
11114;6;1;0;0;0;0;46;1;0
16354;24;1;0;0;0;0;75;1;1
21718;27;0;0;0;0;0;27;1;0
13768;22;0;0;0;0;0;34;1;0
15104;9;0;0;0;0;0;48;1;0
3752;26;1;0;0;0;0;74;1;1
15921;7;1;0;0;0;0;86;1;1
3437;7;0;0;0;0;0;27;0;1
18068;16;0;0;0;0;0;57;1;0
3244;19;1;0;0;0;0;44;1;1
19902;6;1;0;1;0;1;67;1;1
13211;10;0;0;0;0;0;57;1;0
10167;8;0;0;0;0;1;39;1;1
9304;4;0;0;0;0;0;38;1;1
9591;2;0;0;0;0;0;37;1;0
13779;19;0;0;0;0;0;49;1;0
21669;2;0;0;0;0;0;30;0;0
14660;9;1;0;0;0;0;89;0;1
22299;10;0;0;0;0;0;31;0;0
14368;12;0;0;0;0;0;44;1;0
8945;27;0;0;0;0;0;80;0;0
9921;20;0;0;0;0;0;65;1;0
686;12;1;0;0;0;0;63;1;1
22836;18;0;0;0;0;1;42;1;0
12245;5;0;0;0;0;0;36;1;1
11210;3;1;0;0;0;0;44;0;1
19233;10;0;0;0;0;0;45;1;1
15350;7;0;0;0;0;0;48;1;0
9551;17;1;0;0;0;0;51;0;0
5267;27;1;0;0;0;0;NA;1;1
5366;30;0;0;0;0;0;36;1;1
365;8;1;0;0;0;0;36;1;1
16474;16;1;0;0;0;0;73;0;0
4802;21;1;0;0;0;0;73;1;1
21245;20;0;0;0;0;0;35;1;0
10268;23;0;0;0;0;0;60;1;1
2082;20;0;0;0;0;0;39;1;1
11105;6;1;0;0;0;0;77;1;1
13492;26;1;0;0;0;0;65;0;1
13129;6;0;0;0;0;0;37;1;1
15959;18;0;0;0;0;0;81;1;1
11513;2;0;0;0;0;0;41;1;1
8186;29;1;0;0;0;0;88;0;1
13736;22;1;0;0;0;0;77;1;1
5830;11;0;0;0;0;0;68;1;0
15931;7;1;0;0;0;0;51;1;1
19810;6;1;0;0;0;0;90;1;1
7420;28;1;0;0;0;0;73;1;1
7574;24;1;0;0;0;0;95;1;0
23100;8;0;0;0;0;0;27;1;1
2269;28;0;0;0;0;0;33;0;0
8187;29;0;0;0;0;0;53;1;1
14684;9;0;0;0;0;0;30;0;0
1125;9;1;0;0;0;0;26;0;1
19369;29;0;0;0;0;0;75;1;1
5895;11;1;0;0;0;0;82;1;1
19845;6;0;0;0;0;0;76;1;0
17493;30;1;0;0;0;0;78;1;1
7566;24;1;0;0;0;0;65;1;1
19575;30;1;0;0;0;0;50;1;1
11283;3;1;0;0;0;0;63;1;1
1587;22;1;0;0;0;1;53;1;1
20821;26;1;0;0;0;0;75;1;1
15630;23;0;0;0;0;0;50;0;0
19507;3;1;0;0;0;1;75;1;1
19783;6;1;0;0;0;0;88;1;1
15996;26;0;0;0;0;0;42;1;0
12563;27;1;0;0;0;0;78;1;1
15249;9;0;0;0;0;0;24;1;0
19784;6;0;0;0;0;0;93;1;1
22067;19;0;0;0;0;0;32;0;0
3990;7;0;0;0;0;0;35;0;0
795;20;0;0;0;0;0;23;0;0
556;23;0;0;0;0;1;46;1;1
10889;13;0;0;0;0;0;25;1;0
19862;6;0;0;0;0;0;71;1;1
6954;9;0;0;0;0;0;24;1;0
21388;27;0;0;0;0;0;45;1;1
13215;10;0;0;0;0;1;45;0;0
6935;10;0;0;0;0;0;46;0;0
13895;15;1;0;0;0;0;66;1;1
17960;8;1;0;0;0;0;33;1;1
13679;15;1;0;0;0;0;NA;1;1
21634;27;0;0;0;0;1;39;1;0
23298;7;0;0;0;0;0;60;1;1
3430;7;0;0;0;0;0;30;1;0
9966;14;0;0;0;0;0;29;1;0
15325;7;0;0;0;0;0;33;1;1
6683;23;1;0;0;0;0;59;1;0
12369;26;0;0;0;0;0;89;0;1
2207;10;0;0;0;0;0;34;0;0
3418;10;1;0;0;0;0;25;1;1
13377;12;0;0;0;0;1;27;1;1
6094;11;0;0;0;0;0;79;1;0
15670;29;0;0;1;0;1;36;1;0
11186;7;0;0;0;0;0;47;1;0
713;12;0;0;0;0;0;76;1;1
5959;11;0;0;0;0;0;82;1;0
21825;28;0;0;0;0;0;45;1;0
8504;16;1;0;0;0;0;52;1;0
15780;7;0;0;0;0;1;96;1;0
2884;24;0;0;0;0;0;28;0;1
12000;6;0;0;0;0;1;28;1;0
17379;20;0;0;0;0;0;68;1;1
3866;21;1;0;0;0;0;61;1;1
10963;30;0;0;0;0;0;37;1;1
3230;26;1;0;0;0;0;73;1;0
22438;19;1;0;0;0;0;89;1;1
18424;21;0;0;0;0;0;40;1;0
17145;13;0;0;0;0;0;28;1;0
14548;21;1;0;0;0;0;47;0;1
22009;19;0;0;0;0;0;32;0;1
10414;8;0;0;0;0;0;20;0;0
23406;7;0;0;0;0;0;31;0;1
11878;17;0;0;0;0;0;34;0;0
22404;22;0;0;0;0;0;40;1;0
21049;30;0;0;0;0;0;62;1;0
1577;22;0;0;0;0;0;71;1;1
13350;12;1;0;0;0;0;32;1;1
2529;25;1;0;0;0;0;33;1;1
19736;6;0;0;0;0;0;79;1;1
7813;12;0;0;0;0;0;43;1;0
3972;8;0;0;0;0;1;32;1;1
22639;28;0;0;0;0;0;18;0;0
18356;20;1;0;0;0;0;64;1;1
10586;30;1;0;0;0;0;77;0;1
19741;6;0;0;0;0;0;104;0;1
20002;6;1;0;0;0;0;80;0;0
22610;24;1;0;0;0;0;30;1;0
21654;27;1;0;0;0;1;NA;1;1
17853;13;1;0;0;0;0;85;1;1
12927;18;1;0;0;0;0;59;1;1
6535;11;0;0;1;0;1;79;1;0
11629;8;0;0;0;0;0;27;1;1
19634;17;1;0;0;0;0;54;0;1
22427;22;0;0;0;0;0;32;1;1
19262;6;0;0;0;0;0;NA;1;0
20608;27;0;0;0;0;0;38;0;1
10453;8;0;0;0;0;0;35;1;1
2278;28;1;0;0;0;0;46;1;1
15417;7;1;0;0;0;0;65;1;0
16503;16;1;0;0;0;0;35;1;1
19702;21;0;0;0;0;0;32;1;0
14456;22;0;0;0;0;0;55;1;1
5721;11;1;0;0;0;0;86;1;1
19882;6;0;0;0;0;0;93;1;1
5270;27;0;0;0;0;0;43;0;0
19915;6;1;0;0;0;0;44;1;1
9133;27;0;0;0;0;1;73;1;1
6143;11;1;0;0;0;0;88;1;1
9933;20;0;0;0;0;0;27;1;1
23403;7;0;0;0;0;0;41;1;1
7727;24;1;0;0;0;0;54;1;1
18237;19;1;0;0;0;0;54;1;1
20859;3;0;0;0;0;0;51;1;0
5591;11;1;0;0;0;0;70;1;1
7421;28;0;0;0;0;1;21;1;0
2003;17;0;0;0;0;0;54;0;0
7741;2;1;0;0;0;0;40;1;1
2078;20;1;0;0;0;0;38;1;1
4625;2;0;0;0;0;0;59;1;0
19201;10;0;0;0;0;0;56;1;0
425;22;0;0;0;0;0;47;1;1
11353;13;0;0;0;0;0;33;1;0
3932;21;0;0;0;0;0;77;1;0
10585;30;1;0;0;0;0;34;1;0
9925;20;0;0;0;0;0;53;0;1
17064;13;1;0;0;0;0;57;1;1
2885;16;0;0;0;0;0;35;0;1
23400;7;1;0;0;0;0;74;1;1
6301;11;0;0;0;0;0;94;0;0
17215;13;0;0;0;0;0;35;0;1
4209;20;1;0;0;0;0;35;1;1
9212;12;0;0;0;0;0;33;0;0
1477;14;0;0;0;0;0;35;1;0
679;3;0;0;0;0;0;38;0;0
13961;10;0;0;0;0;0;67;1;1
3250;19;0;0;0;0;0;36;0;0
14421;22;1;0;0;0;1;57;1;1
14501;9;0;0;0;0;0;30;1;0
8147;17;0;0;0;0;1;61;1;0
7792;27;1;0;1;0;1;77;0;1
20298;22;0;0;0;0;0;20;1;0
3408;10;1;0;0;0;0;56;1;1
7899;23;0;0;0;0;0;27;0;0
23111;8;0;0;0;0;0;28;1;1
21980;10;0;0;0;0;0;42;1;0
4806;2;1;0;0;0;1;65;1;1
10406;8;0;0;0;0;0;23;1;0
9866;2;0;0;0;0;0;29;0;0
23290;7;1;0;0;0;0;73;1;1
2215;10;1;0;0;0;0;30;0;0
8614;18;1;0;0;0;0;48;0;1
22825;18;0;0;0;0;0;53;0;0
18817;22;1;0;0;0;0;51;1;0
209;25;1;0;0;0;0;52;1;1
9033;25;0;0;0;0;0;59;1;1
3372;14;0;0;0;0;0;33;0;0
15862;7;0;0;0;0;0;53;1;0
9912;17;1;0;0;0;0;80;0;1
2093;5;0;0;0;0;0;22;1;0
15386;9;1;0;0;0;0;70;0;1
1120;8;1;0;0;0;0;57;1;1
11634;8;0;0;0;0;0;31;0;0
15897;7;1;0;0;0;0;32;1;1
11307;3;1;0;0;0;0;55;1;0
3432;7;0;0;0;0;0;21;0;0
15312;10;1;0;0;0;0;28;1;0
14053;9;0;0;0;0;0;26;1;0
3349;15;0;0;0;0;0;81;1;1
16269;27;1;0;0;0;0;44;1;1
185;18;0;0;0;0;0;57;1;0
21464;27;0;0;1;0;1;83;1;0
13210;10;0;0;0;0;0;30;0;1
2231;19;0;0;0;0;0;29;1;0
10749;26;0;0;0;0;0;85;0;1
16669;19;1;0;0;0;0;69;1;1
23264;7;0;0;0;0;0;50;1;0
6337;11;1;0;0;0;0;79;1;1
8101;14;0;0;0;0;0;29;1;1
16372;5;0;0;0;0;0;54;0;0
13456;14;0;0;0;0;0;27;1;0
1255;27;1;0;0;0;0;21;0;0
5682;11;0;0;0;0;0;54;0;0
534;12;0;0;0;0;0;23;0;0
5326;13;1;0;0;0;1;29;1;0
12478;5;0;0;0;0;0;26;0;0
469;3;0;0;0;0;0;34;1;1
10247;6;0;0;0;0;0;27;1;0
19734;27;0;0;0;0;1;27;1;0
15244;9;0;0;0;0;1;30;0;0
9890;28;0;0;0;0;0;21;1;1
22983;17;0;0;0;0;0;42;0;0
13224;10;1;0;0;0;0;36;1;1
19070;29;0;0;0;0;0;22;1;0
11427;2;0;0;0;0;0;30;1;1
7621;2;0;0;1;0;1;48;1;1
9798;27;0;0;0;0;0;54;1;0
21184;25;1;0;0;0;0;38;1;0
5750;11;1;0;0;0;0;85;1;1
15567;23;1;0;0;0;0;72;1;1
16173;24;0;0;0;0;0;44;1;0
2074;20;1;0;0;0;0;33;1;0
13042;9;1;0;0;0;0;49;0;1
15898;2;0;0;0;0;0;22;1;0
14264;18;0;0;0;0;0;89;1;1
22727;24;0;0;0;0;0;48;1;0
2812;24;1;0;0;0;0;36;1;0
18666;21;1;0;0;0;0;49;1;1
1735;30;0;0;0;0;0;27;0;0
15044;8;0;0;0;0;0;20;0;1
15042;8;0;0;0;0;0;49;1;1
8926;25;1;0;0;0;0;30;1;1
15592;21;1;0;0;0;0;76;1;1
11901;20;0;0;0;0;0;21;1;0
4737;21;0;0;0;0;1;91;1;0
14905;24;0;0;0;0;0;62;1;0
16860;13;0;0;0;0;0;25;0;0
19881;6;0;0;0;0;0;90;1;1
15341;7;1;0;0;0;0;35;1;1
2227;19;0;0;0;0;0;53;0;0
15125;9;1;0;0;0;0;48;1;1
19759;6;1;0;0;0;0;91;1;0
5563;11;0;0;0;0;0;67;1;0
19746;6;0;0;0;0;0;64;1;0
18441;20;1;0;0;0;0;62;1;1
4595;29;1;0;0;0;0;44;1;1
1723;30;1;0;0;0;0;41;1;0
20663;30;0;0;0;0;0;31;1;0
22514;22;0;0;0;0;0;18;0;0
1684;30;0;0;0;0;0;72;1;0
7450;24;0;0;0;0;0;26;1;0
22501;22;0;0;0;0;0;40;1;0
6961;9;0;0;0;0;0;24;0;0
20791;10;0;0;0;0;0;37;0;0
13635;17;0;0;0;0;0;32;1;0
21303;27;0;0;0;0;0;33;1;0
4013;18;1;0;0;0;0;49;1;1
10591;30;0;0;0;0;0;31;1;0
20673;30;0;0;0;0;0;31;0;0
22642;28;1;0;0;0;0;35;1;0
22494;20;0;0;0;0;0;20;1;0
4280;26;0;0;0;0;0;52;0;0
2220;19;0;0;0;0;0;29;0;1
8964;26;0;0;0;0;0;57;1;0
22026;19;1;0;0;0;0;35;1;1
3374;14;1;0;0;0;0;82;0;0
3827;9;1;0;0;0;0;28;1;1
14761;28;1;0;0;0;0;67;1;1
3048;20;0;0;0;0;1;36;0;1
15305;8;0;0;0;0;0;33;1;0
6406;11;1;0;1;0;1;48;1;1
21565;12;1;0;0;0;0;50;0;1
11550;24;1;0;0;0;0;39;0;1
15706;12;1;0;0;0;0;40;1;0
3906;21;1;0;0;0;0;67;1;1
15202;7;0;0;0;0;0;82;1;1
6462;11;1;0;0;0;1;83;0;0
4507;23;0;0;0;0;0;74;1;1
2619;16;0;0;0;0;0;19;1;0
4384;6;1;0;0;0;0;35;1;1
3887;21;0;0;0;0;1;70;1;1
2542;27;0;0;0;0;0;47;1;1
385;8;1;0;0;0;0;36;1;0
8061;27;1;0;0;0;0;47;0;1
17254;13;0;0;0;0;0;25;0;0
20288;2;1;0;0;0;0;33;1;0
3864;21;1;0;0;0;0;NA;1;1
4098;7;0;0;0;0;0;39;0;1
21296;26;0;0;0;0;0;53;0;0
16978;11;1;0;0;0;0;41;0;1
13378;12;0;0;0;0;0;47;0;0
2648;8;1;0;0;0;0;41;0;1
15464;9;0;0;0;0;0;49;1;0
5736;11;1;0;0;0;0;71;1;1
6971;9;0;0;0;0;0;28;1;0
5699;11;1;0;0;0;0;84;1;1
13880;18;0;0;0;0;0;84;1;1
1004;27;0;0;0;0;0;44;1;1
5020;12;0;0;0;0;0;71;1;0
21681;27;0;0;0;0;0;43;0;0
4708;22;0;0;0;0;0;32;1;0
4856;22;1;0;0;0;0;45;1;1
22729;24;0;0;0;0;0;47;1;0
4889;12;1;0;0;0;0;44;1;1
16576;23;1;0;0;0;0;48;1;1
5982;11;0;0;0;0;0;84;0;0
23329;7;0;0;0;0;0;23;0;0
17079;13;0;0;0;0;0;47;0;1
15099;9;0;0;0;0;0;52;0;0
23378;7;1;0;0;0;0;69;1;1
13693;15;0;0;0;0;0;33;1;0
5752;11;0;0;0;0;1;75;1;0
5909;11;0;0;0;0;0;66;1;0
16072;15;0;0;0;0;0;60;1;0
9332;8;0;0;0;0;0;63;1;0
3853;2;1;0;0;0;0;35;1;1
9405;8;0;0;0;0;0;21;0;0
4301;23;1;0;0;0;0;63;1;1
11621;9;0;0;0;0;0;33;0;0
369;8;0;0;0;0;1;61;1;1
20718;3;0;0;0;0;0;67;1;0
3895;21;1;0;0;0;0;79;1;0
15892;7;0;0;0;0;0;89;0;0
12443;26;1;0;0;0;0;41;0;1
11378;2;1;0;0;0;0;24;1;1
4888;12;0;0;0;0;0;54;0;0
19550;3;0;0;0;0;0;83;1;1
12390;3;0;0;0;0;0;55;1;1
6068;11;0;0;0;0;1;88;1;0
4146;26;1;0;0;0;1;72;1;1
2852;7;0;0;0;0;0;27;0;1
9961;14;0;0;0;0;0;40;0;0
21749;27;1;0;0;0;0;45;0;1
14382;12;0;0;0;0;0;24;0;1
2640;8;0;0;0;0;0;25;0;0
4652;21;0;0;0;0;0;28;0;1
18090;23;0;0;0;0;0;53;1;0
18099;23;0;0;0;0;0;53;1;0
18108;6;1;0;0;0;0;51;1;1
13629;17;0;0;0;0;1;75;1;0
2115;5;0;0;0;0;0;31;1;0
19657;21;1;0;0;0;0;24;0;1
3721;3;1;0;0;0;1;40;1;0
20915;8;1;0;0;0;0;70;1;0
740;25;1;0;0;0;0;42;1;1
1122;9;0;0;0;0;0;34;0;0
435;22;1;0;0;0;0;58;1;1
783;20;1;0;0;0;0;42;1;1
4124;7;1;0;0;0;0;26;1;1
14138;12;1;0;0;0;0;47;0;1
11658;9;0;0;0;0;0;33;1;0
19534;3;1;0;0;0;0;81;1;1
10484;6;1;0;0;0;0;41;0;1
11241;3;1;0;0;0;0;28;1;1
6348;11;1;0;1;0;1;77;1;1
9531;12;0;0;0;0;0;41;1;0
4977;12;0;0;0;0;0;44;1;0
6679;2;0;0;0;0;0;37;1;0
4988;12;0;0;0;0;0;20;0;0
15549;3;1;0;0;0;0;65;1;1
9590;2;0;0;0;0;0;25;1;0
1724;30;1;0;0;0;0;76;1;1
5940;11;0;0;0;0;1;68;1;0
6926;9;1;0;0;0;1;59;0;1
1063;9;0;0;0;0;0;68;0;0
3786;18;1;0;0;0;0;44;1;0
21933;9;1;0;0;0;0;80;1;1
11615;17;0;0;0;0;0;81;1;0
17006;12;0;0;0;0;0;23;0;1
687;12;1;0;0;0;0;NA;1;1
3633;18;1;0;0;0;0;79;1;1
17965;8;1;0;0;0;0;27;0;0
16483;16;1;0;0;0;0;82;1;1
8168;29;0;0;0;0;0;22;0;0
6173;11;0;0;0;0;0;86;0;0
13363;14;0;0;0;0;0;78;1;0
3623;18;0;0;0;0;1;35;0;1
9472;14;1;0;0;0;0;41;1;1
9035;26;1;0;0;0;0;78;1;1
15499;10;1;0;0;0;0;47;1;1
21656;29;0;0;0;0;0;40;1;1
20078;18;0;0;0;0;0;92;0;0
18830;18;1;0;0;0;0;40;1;1
22504;19;0;0;0;0;0;36;1;0
21124;22;0;0;0;0;0;70;1;0
23345;22;0;0;0;0;0;33;0;0
8390;14;1;0;0;0;0;70;1;1
5741;11;1;0;0;0;0;72;0;1
3049;17;0;0;0;0;0;23;0;0
8489;16;0;0;0;0;0;67;0;0
18710;20;0;0;0;0;0;59;0;1
909;23;1;0;0;0;0;64;1;1
2957;8;1;0;0;0;0;32;0;0
23426;29;0;0;0;0;0;56;1;1
22861;17;0;0;0;0;0;49;1;1
14967;18;1;0;1;0;1;78;1;1
18583;23;0;0;0;0;0;26;1;0
11233;3;0;0;0;0;1;34;1;0
21852;4;0;0;0;0;0;42;1;0
4607;29;0;0;0;0;0;28;1;0
20788;10;0;0;0;0;0;52;1;1
14624;9;0;0;0;0;0;27;1;0
2930;24;0;0;0;0;0;83;1;1
397;17;0;0;0;0;0;36;1;0
21435;27;1;0;0;0;0;42;0;0
22959;18;0;0;0;0;0;23;1;1
23215;22;0;0;0;0;0;33;0;0
8190;29;0;0;0;0;1;77;1;1
7606;24;0;0;0;0;0;57;1;1
12265;13;0;0;0;0;0;47;0;1
16480;16;0;0;0;0;0;36;0;0
3016;15;0;0;0;0;0;20;0;0
4920;12;1;0;0;0;0;47;1;1
10398;8;0;0;0;0;0;22;0;0
3190;16;0;0;0;0;0;38;0;0
19302;26;0;0;0;0;0;68;1;1
18714;20;1;0;0;0;0;65;1;0
11762;19;0;0;0;0;0;33;1;0
17074;11;1;0;0;0;0;31;0;0
7706;2;0;0;0;0;0;70;0;1
21127;22;1;0;0;0;0;61;1;0
18684;20;1;0;1;0;1;76;1;0
17627;11;1;0;0;0;0;41;1;1
17356;20;0;0;1;0;1;22;1;0
22020;9;0;0;0;0;1;26;1;0
4438;23;1;0;0;0;0;69;0;1
20293;22;0;0;0;0;0;NA;1;0
13189;10;1;0;0;0;0;32;1;1
11341;3;0;0;0;0;0;47;1;0
14025;26;1;0;0;0;0;38;1;1
17049;11;0;0;0;0;0;32;0;0
4447;23;0;0;0;0;0;49;1;1
17185;11;0;0;0;0;0;31;1;0
16806;4;0;0;0;0;0;24;1;0
2355;10;0;0;0;0;0;41;1;0
6050;11;0;0;0;0;0;92;0;0
14359;12;0;0;0;0;0;36;1;0
15437;9;1;0;0;0;0;30;1;1
23419;7;1;0;0;0;0;45;1;0
2942;2;0;0;0;0;1;22;1;0
16926;13;0;0;0;0;0;55;0;0
12665;23;0;0;0;0;0;21;1;0
11387;2;0;0;0;0;0;22;0;1
4253;3;0;0;0;0;0;44;0;0
14304;5;0;0;0;0;0;32;0;0
9307;4;1;0;0;0;0;40;1;0
14388;12;0;0;0;0;0;46;0;0
11498;2;1;0;0;0;0;24;1;1
23222;7;1;0;0;0;1;67;1;1
23221;7;1;0;0;0;0;68;1;1
6264;11;1;0;0;0;0;73;0;1
2620;16;0;0;0;0;0;36;1;1
20889;8;0;0;0;0;0;78;1;1
10075;14;0;0;0;0;1;76;0;0
19889;6;1;0;0;0;0;78;1;1
6377;11;0;0;0;0;0;83;1;0
6096;11;1;0;0;0;0;68;0;1
4085;13;0;0;0;0;0;87;1;0
10030;15;1;0;0;0;0;58;1;0
23344;22;0;0;0;0;0;53;0;0
10667;21;1;0;0;0;0;30;1;0
16732;19;0;0;0;0;0;34;1;1
14143;12;0;0;0;0;0;38;0;0
5265;27;0;0;0;0;1;41;1;0
677;3;1;0;0;0;0;60;1;1
489;14;1;0;0;0;0;55;1;1
8914;27;1;0;0;0;0;61;1;1
1420;4;0;0;0;0;0;53;1;0
1935;24;0;0;0;0;0;31;0;0
15906;7;0;0;0;0;0;29;1;1
17559;30;0;0;0;0;0;24;1;0
18623;23;1;0;0;0;0;56;1;1
6909;9;1;0;0;0;0;37;1;1
4274;3;0;0;0;0;0;37;1;1
10440;8;0;0;0;0;0;25;1;1
9345;8;0;0;0;0;0;43;1;0
7789;27;0;0;0;0;0;46;1;0
12488;14;0;0;0;0;0;19;1;0
12720;13;1;0;0;0;0;49;1;1
15886;7;1;0;0;0;0;39;1;1
16191;24;0;0;0;0;0;52;1;1
1147;29;0;0;0;0;0;30;1;0
16190;24;0;0;0;0;0;31;1;1
8044;16;0;0;0;0;0;48;1;0
19108;21;0;0;0;0;0;49;1;0
3975;7;0;0;0;0;0;66;1;0
22167;25;1;0;0;0;0;50;1;0
23357;7;0;0;0;0;0;37;1;0
21504;25;0;0;1;0;1;71;1;1
11333;3;0;0;0;0;0;79;1;0
9681;7;0;0;0;0;0;31;1;0
553;23;0;0;0;0;1;70;1;1
23364;7;0;0;0;0;0;35;1;0
11292;3;0;0;0;0;0;79;1;1
11451;2;1;0;0;0;0;71;1;0
1393;12;0;0;0;0;0;51;0;0
18118;6;1;0;0;0;0;29;1;1
20745;30;0;0;0;0;0;27;1;0
5115;2;0;0;0;0;0;27;0;0
3914;21;0;0;0;0;0;54;1;0
22171;27;0;0;0;0;0;26;0;0
13591;8;0;0;0;0;0;24;1;0
2639;8;1;0;0;0;0;45;0;1
8368;15;0;0;1;0;1;65;1;0
9011;27;1;0;0;0;1;56;1;0
751;25;0;0;0;0;1;27;1;0
11157;5;0;0;0;0;0;75;1;0
21699;27;1;0;0;0;0;39;1;0
21627;27;1;0;0;0;0;29;0;0
10152;8;0;0;0;0;0;48;0;0
14900;24;1;0;0;0;0;48;1;1
17100;11;0;0;0;0;0;33;1;0
926;28;1;0;0;0;0;50;1;0
21530;12;0;0;0;0;0;79;0;0
8957;27;1;0;0;0;0;70;0;1
14154;12;1;0;0;0;0;48;1;0
19122;8;0;0;0;0;0;33;0;0
2702;25;0;0;0;0;0;31;1;0
3992;7;1;0;0;0;0;77;0;1
6399;11;1;0;0;0;0;67;0;1
1213;29;1;0;0;0;0;54;0;0
10474;6;0;0;0;0;1;38;1;0
10198;6;0;0;0;0;0;53;1;0
7955;14;0;0;0;0;0;56;0;1
22291;10;1;0;0;0;0;39;1;1
3704;4;0;0;0;0;0;34;0;0
5674;11;0;0;0;0;0;66;0;0
12214;26;1;0;0;0;0;35;1;1
22121;29;0;0;0;0;0;32;0;0
16094;15;0;0;0;0;0;34;1;0
20166;17;1;0;0;0;0;76;1;1
7707;2;1;0;0;0;0;54;1;0
8401;15;0;0;0;0;0;24;1;0
18308;21;0;0;0;0;0;38;1;0
12755;14;1;0;0;0;0;48;0;0
7704;2;0;0;0;0;0;65;0;0
9732;18;1;0;0;0;0;77;1;1
20324;17;1;0;0;0;0;68;1;1
18456;20;0;0;0;0;0;28;0;0
16757;19;1;0;0;0;0;49;1;0
723;25;0;0;0;0;0;20;1;0
3578;18;1;0;0;0;1;75;1;1
23165;25;1;0;0;0;0;43;1;1
2373;5;0;0;0;0;0;47;0;0
22317;10;0;0;0;0;0;32;0;0
22473;19;0;0;0;0;0;39;1;0
3607;18;0;0;0;0;0;50;1;0
13543;2;1;0;0;0;0;35;1;1
17935;8;1;0;0;0;0;37;1;0
14078;12;0;0;0;0;0;84;1;1
5007;12;0;0;0;0;1;53;0;0
4707;22;0;0;0;0;0;45;1;0
21989;19;0;0;0;0;0;30;0;0
9973;16;0;0;0;0;0;20;0;0
3646;18;0;0;0;0;0;75;1;1
13277;16;0;0;0;0;1;81;1;0
20652;30;0;0;0;0;1;20;0;0
17681;5;0;0;0;0;0;63;1;1
19249;6;0;0;0;0;0;37;0;1
2101;5;0;0;0;0;0;22;1;0
10195;6;0;0;0;0;0;40;1;1
11999;6;0;0;0;0;0;41;1;0
20804;3;0;0;0;0;0;48;1;0
22774;16;0;0;0;0;0;25;1;1
3662;3;0;0;0;0;0;38;1;0
23040;16;0;0;0;0;0;26;0;0
10343;6;0;0;0;0;0;19;0;0
3364;12;0;0;0;0;0;20;0;0
1351;15;0;0;0;0;0;32;1;0
11964;15;0;0;0;0;1;43;1;0
5667;11;0;0;0;0;0;55;1;0
22400;5;1;0;0;0;0;44;1;1
476;14;1;0;0;0;0;66;1;1
17660;5;0;0;0;0;0;51;1;1
14299;5;0;0;0;0;0;33;1;0
19537;3;0;0;0;0;0;84;1;1
19510;3;0;0;0;0;0;85;1;0
14192;7;0;0;0;0;0;41;1;1
8017;16;0;0;0;0;0;36;1;0
5888;11;1;0;0;0;0;82;1;1
11583;24;0;0;0;0;0;25;0;1
6415;11;0;0;0;0;0;53;0;0
3210;15;0;0;0;0;0;80;1;0
23207;22;0;0;0;0;0;54;0;1
4422;23;1;0;0;0;0;76;1;1
9679;23;0;0;0;0;0;28;0;0
9604;7;0;0;0;0;1;34;1;0
17501;30;1;0;0;0;0;50;1;0
15172;10;0;0;0;0;0;24;1;0
12046;26;1;0;0;0;0;74;1;1
20536;30;1;0;1;0;1;86;1;1
15471;9;0;0;0;0;0;68;1;1
14121;12;0;0;0;0;0;42;1;0
14636;9;1;0;0;0;0;46;1;1
4102;7;0;0;0;0;0;45;0;0
8197;29;0;0;0;0;0;20;1;0
19089;25;0;0;0;0;0;36;1;1
9656;23;0;0;0;0;0;33;0;0
23213;7;1;0;0;0;1;31;1;1
19979;6;0;0;0;0;0;88;1;1
4893;12;0;0;0;0;0;32;1;0
5523;11;0;0;0;0;0;57;1;0
9683;23;1;0;0;0;0;48;0;0
7011;9;1;0;0;0;0;39;1;1
15546;2;1;0;0;0;0;29;0;0
7300;24;1;0;0;0;0;36;1;0
20509;17;1;0;0;0;0;70;1;1
7059;17;1;0;0;0;0;54;1;1
14869;24;0;0;0;0;0;50;1;0
19435;13;0;0;0;0;0;40;0;0
8923;25;0;0;0;0;0;26;0;1
2333;20;0;0;1;0;1;73;1;1
16263;27;1;0;0;0;0;48;1;0
5656;11;1;0;0;0;0;86;0;1
4015;18;1;0;0;0;0;42;1;1
21721;28;0;0;0;0;0;25;1;0
16705;19;1;0;0;0;1;46;1;1
22016;9;0;0;0;0;0;27;1;0
10528;29;0;0;1;0;1;90;1;1
4929;12;1;0;0;0;1;63;1;1
13451;15;0;0;0;0;0;39;1;1
10234;6;1;0;0;0;0;45;1;1
22079;10;1;0;0;0;0;42;0;1
19504;3;0;0;0;0;0;79;1;0
21344;25;0;0;0;0;0;32;0;1
20093;18;0;0;0;0;0;NA;0;0
19642;17;0;0;0;0;0;41;1;0
562;23;1;0;0;0;0;55;1;1
1878;30;0;0;0;0;1;33;1;0
8642;21;1;0;0;0;0;37;1;1
1647;22;0;0;0;0;0;51;0;0
8579;27;1;0;0;0;0;86;1;1
21018;23;1;0;0;0;0;44;0;0
1566;22;0;0;0;0;0;61;0;0
22046;19;1;0;0;0;0;66;1;1
1928;24;0;0;0;0;0;48;1;0
23210;22;0;0;0;0;0;23;1;1
5511;11;0;0;0;0;0;41;1;0
6808;24;0;0;0;0;0;28;0;1
21791;27;0;0;0;0;0;46;1;1
6212;11;1;0;0;0;0;60;1;1
14255;28;1;0;0;0;0;76;1;1
13851;24;0;0;0;0;0;31;1;0
1886;30;0;0;0;0;0;43;1;0
14829;28;1;0;0;0;0;55;1;1
18878;30;1;0;1;0;1;46;1;1
1762;30;0;0;0;0;0;56;0;1
8119;17;0;0;0;0;0;61;1;0
7447;28;0;0;0;0;0;40;1;0
14126;12;1;0;0;0;0;36;0;1
5158;2;0;0;0;0;0;26;1;1
22186;8;1;0;0;0;0;46;1;1
4173;3;0;0;0;0;0;25;0;1
9082;27;1;0;0;0;0;50;1;1
13745;22;0;0;0;0;0;32;0;0
5966;11;1;0;0;0;0;87;1;1
3838;10;0;0;0;0;0;35;1;0
256;28;0;0;1;0;1;44;1;1
14235;15;0;0;0;0;0;64;1;0
2684;24;0;0;0;0;0;27;1;0
518;15;0;0;0;0;0;42;1;0
3136;6;0;0;0;0;0;44;1;1
8286;16;0;0;0;0;0;35;1;0
16256;14;0;0;0;0;0;52;1;1
6409;11;1;0;0;0;1;85;1;1
5687;11;0;0;0;0;0;NA;1;0
11446;2;1;0;0;0;0;56;1;0
22059;10;1;0;0;0;0;29;1;1
8169;29;0;0;0;0;0;19;0;0
7909;10;0;0;0;0;0;43;0;0
15821;7;1;0;0;0;0;77;1;1
12204;2;0;0;0;0;0;35;1;0
10213;6;0;0;0;0;0;40;1;0
12489;14;0;0;0;0;0;56;1;0
12205;2;0;0;0;0;0;28;0;0
6100;11;1;0;0;0;0;60;1;1
15134;10;1;0;0;0;0;55;1;1
3759;26;0;0;0;0;0;47;0;1
19244;6;0;0;0;0;0;39;1;1
16108;15;0;0;0;0;0;30;1;0
13878;18;0;0;0;0;0;74;1;1
17219;11;0;0;0;0;0;43;1;1
9198;27;0;0;0;0;0;25;1;0
20504;2;1;0;0;0;0;40;1;1
2257;28;1;0;0;0;0;57;1;1
16122;12;0;0;0;0;1;37;1;0
7272;24;0;0;0;0;1;39;0;0
19856;6;0;0;0;0;0;79;1;0
8038;16;0;0;0;0;0;23;1;0
13290;16;1;0;0;0;0;20;0;1
17553;30;0;0;0;0;0;23;0;0
13459;15;0;0;0;0;0;56;1;0
22949;17;1;0;0;0;0;41;1;1
1323;15;0;0;0;0;1;24;1;0
11254;5;0;0;0;0;0;47;1;1
16470;16;0;0;0;0;0;48;1;1
2249;5;0;0;0;0;0;20;1;1
3205;15;0;0;0;0;1;51;1;1
6103;11;1;0;0;0;0;80;1;1
6136;11;0;0;0;0;0;64;1;0
11614;17;0;0;0;0;0;84;1;0
6487;11;0;0;0;0;1;69;1;0
18131;6;0;0;0;0;0;33;1;0
10376;3;0;0;0;0;0;47;1;0
1881;30;0;0;0;0;0;40;1;0
10243;6;0;0;0;0;0;39;1;0
12229;6;0;0;1;0;1;20;0;0
19467;3;0;0;0;0;1;46;1;0
20220;17;0;0;0;0;0;90;0;1
1441;9;0;0;0;0;0;37;0;0
17292;11;0;0;0;0;0;81;1;0
6330;11;1;0;0;0;0;79;1;1
20380;9;0;0;0;0;0;31;1;0
14248;15;0;0;1;0;1;27;1;0
19246;6;0;0;0;0;0;38;1;0
18958;5;0;0;1;0;1;57;1;1
18896;6;0;0;0;0;0;36;0;0
19529;3;1;0;0;0;0;74;1;1
2818;24;0;0;0;0;1;31;1;0
1411;12;0;0;0;0;0;31;0;0
15280;7;0;0;0;0;0;29;1;0
12705;13;1;0;0;0;0;58;1;1
19877;6;0;0;0;0;0;84;1;0
3376;14;0;0;0;0;1;41;0;0
3304;14;1;0;0;0;0;74;1;1
22841;18;0;0;0;0;0;51;1;1
6579;11;1;0;0;0;0;75;1;1
9956;14;0;0;0;0;0;26;0;0
5592;11;0;0;0;0;0;75;1;0
19003;4;0;0;0;0;1;31;1;1
12258;6;0;0;0;0;0;19;0;0
5944;11;0;0;0;0;0;91;1;0
12597;9;0;0;0;0;0;52;1;0
2700;25;1;0;0;0;1;68;1;1
15818;7;1;0;0;0;0;52;1;1
7288;25;0;0;0;0;0;40;0;0
5602;11;1;0;0;0;0;70;1;1
17872;11;0;0;0;0;0;45;1;0
15165;10;0;0;0;0;0;NA;1;0
7349;25;0;0;0;0;0;37;1;0
3368;14;0;0;0;0;0;28;1;0
5649;11;0;0;0;0;0;20;0;0
22492;20;0;0;0;0;0;83;1;0
8045;16;0;0;0;0;0;31;1;0
3068;8;0;0;0;0;1;26;1;1
12603;10;1;0;0;0;1;84;1;1
19258;6;0;0;0;0;0;27;1;0
1801;30;0;0;0;0;0;37;1;0
17328;27;1;0;0;0;0;85;1;0
14278;18;0;0;0;0;0;94;1;0
2765;23;0;0;0;0;0;55;1;0
11367;2;1;0;0;0;1;NA;1;1
8988;26;1;0;0;0;0;75;0;0
15173;10;0;0;0;0;0;25;1;0
16920;13;0;0;0;0;0;94;1;0
1399;12;0;0;0;0;0;52;1;0
8715;18;0;0;0;0;0;77;1;0
16460;16;0;0;0;0;0;19;1;0
12473;5;0;0;0;0;0;57;0;0
6302;11;1;0;0;0;0;85;1;1
9442;14;1;0;0;0;0;31;0;1
7656;24;0;0;0;0;0;25;1;0
5782;11;1;0;0;0;0;60;1;1
5076;12;0;0;0;0;0;48;0;0
13619;15;0;0;0;0;0;74;1;0
9251;12;0;0;0;0;0;33;0;0
11606;8;0;0;0;0;0;44;1;0
1165;29;0;0;0;0;0;27;1;1
1510;14;0;0;0;0;0;88;1;0
4710;22;0;0;0;0;0;55;1;0
8963;27;1;0;0;0;0;82;0;1
4490;23;1;0;0;0;0;64;1;1
8622;17;1;0;0;0;0;38;1;1
8818;9;0;0;0;0;0;31;1;0
21955;10;0;0;0;0;0;32;0;0
1083;9;1;0;0;0;0;86;1;0
10622;27;1;0;0;0;0;29;1;0
2877;23;1;0;0;0;0;32;0;1
9643;23;1;0;0;0;0;50;1;1
21595;24;0;0;0;0;0;33;1;0
20302;22;0;0;0;0;0;38;1;0
11479;2;0;0;0;0;0;42;1;0
18171;19;0;0;0;0;0;62;1;0
11332;3;0;0;0;0;0;75;1;1
13408;15;0;0;0;0;0;61;1;0
19056;29;0;0;0;0;0;48;1;0
9989;15;0;0;0;0;0;33;1;0
1040;8;0;0;0;0;0;28;1;0
9340;8;0;0;0;0;0;20;1;1
22833;18;1;0;0;0;0;80;1;1
11249;6;1;0;0;0;0;44;0;0
18104;23;0;0;0;0;0;58;0;1
5257;27;0;0;0;0;0;28;1;0
19765;6;0;0;0;0;0;70;1;1
9524;12;0;0;0;0;0;35;1;0
7639;24;0;0;0;0;0;33;1;1
2112;5;0;0;0;0;0;20;1;0
9067;26;1;0;0;0;0;75;1;1
1448;9;0;0;0;0;0;38;1;0
8672;25;1;0;0;0;0;57;0;0
5140;2;0;0;0;0;1;31;1;1
22376;30;1;0;0;0;0;73;1;1
5929;11;1;0;0;0;0;78;1;1
1859;30;1;0;0;0;0;37;0;1
2002;17;1;0;0;0;0;49;1;0
17112;13;0;0;0;0;0;29;1;0
15056;8;1;0;0;0;0;55;1;1
5642;11;0;0;0;0;0;37;1;0
10269;23;0;0;0;0;0;27;0;0
20878;10;1;0;0;0;0;43;0;0
18791;22;0;0;0;0;0;34;1;1
18655;21;0;0;0;0;0;46;1;1
13587;8;1;0;0;0;0;34;1;1
5445;11;0;0;0;0;0;30;0;0
9514;14;0;0;0;0;1;36;1;0
9576;2;0;0;0;0;0;30;1;0
10513;29;1;0;1;0;1;83;0;1
7728;24;1;0;0;0;0;48;0;1
588;27;0;0;0;0;0;37;0;0
10576;30;0;0;0;0;0;23;0;0
3889;21;0;0;0;0;1;28;1;0
12741;30;1;0;0;0;0;42;1;1
14028;26;1;0;0;0;0;69;1;0
11334;3;0;0;0;0;0;96;1;1
9415;27;1;0;0;0;0;34;1;0
13718;22;0;0;0;0;0;51;1;0
21096;22;1;0;0;0;0;78;1;0
1117;9;0;0;0;0;1;29;0;0
6966;9;1;0;0;0;1;30;1;1
5937;11;0;0;0;0;0;74;1;0
18096;23;0;0;0;0;0;28;1;0
4257;4;0;0;0;0;0;59;0;0
11084;6;0;0;0;0;0;43;1;0
4763;21;0;0;0;0;0;33;0;0
1486;14;0;0;0;0;0;57;1;1
19016;29;0;0;0;0;0;NA;1;1
2825;24;0;0;0;0;0;35;1;0
17353;20;1;0;1;0;1;73;1;1
4323;23;0;0;0;0;0;29;0;1
22683;24;1;0;0;0;0;50;1;0
19796;6;0;0;0;0;0;78;1;0
20492;6;0;0;0;0;0;57;1;0
18624;23;0;0;0;0;0;53;1;1
11330;3;0;0;0;0;0;74;1;0
15636;21;0;0;0;0;0;42;1;0
5962;11;0;0;0;0;1;25;0;0
14601;20;0;0;0;0;0;88;1;1
11928;21;0;0;0;0;0;42;0;0
13886;15;0;0;0;0;0;22;1;0
16133;15;1;0;0;0;0;30;1;1
4567;27;1;0;0;0;0;22;0;0
3433;7;1;0;0;0;0;26;0;0
7294;24;0;0;0;0;0;26;0;0
15334;9;0;0;0;0;0;25;1;0
9758;12;0;0;0;0;0;35;0;0
18586;28;1;0;0;0;0;41;1;0
106;25;1;0;0;0;0;64;1;1
8353;14;0;0;0;0;0;45;0;0
12544;27;1;0;0;0;0;86;1;1
19822;6;1;0;0;0;0;80;1;0
15;8;0;0;0;0;0;33;0;0
21622;27;1;0;0;0;0;55;0;1
15855;7;1;0;0;0;0;55;1;1
11557;24;1;0;0;0;0;46;1;0
11500;2;0;0;0;0;0;28;1;0
10541;29;1;0;0;0;0;79;1;0
1546;14;0;0;0;0;0;23;1;1
22843;18;0;0;0;0;0;42;1;1
9634;7;0;0;0;0;1;33;1;0
18771;12;0;0;0;0;0;22;1;0
20512;17;1;0;0;0;0;57;0;1
4076;29;0;0;0;0;0;24;0;0
7687;2;0;0;0;0;0;88;1;0
1197;27;0;0;0;0;0;20;1;0
14008;25;1;0;0;0;0;49;1;1
6965;9;0;0;0;0;0;30;0;0
1774;30;0;0;0;0;0;35;1;0
14645;9;1;0;0;0;0;39;1;1
12884;6;1;0;0;0;0;72;1;0
14862;24;0;0;0;0;0;47;1;1
13777;19;0;0;0;0;0;27;1;0
17858;13;1;0;0;0;0;74;1;1
20678;27;1;0;0;0;0;74;1;0
3460;25;0;0;0;0;1;59;1;1
14072;12;0;0;0;0;0;NA;0;0
10656;12;0;0;0;0;0;29;1;1
13538;2;1;0;1;0;1;25;1;0
10061;14;1;0;0;0;1;63;0;1
12088;26;0;0;0;0;0;29;0;0
15231;9;0;0;0;0;0;32;1;0
5839;11;0;0;0;0;0;88;1;0
5800;11;1;0;0;0;1;74;0;1
14914;12;1;0;0;0;0;68;1;0
13821;24;0;0;0;0;0;51;1;1
20724;3;0;0;0;0;0;29;1;0
21692;24;0;0;0;0;1;22;1;0
4444;23;1;0;0;0;0;95;1;1
4480;23;1;0;0;0;1;56;1;1
11898;21;1;0;1;0;1;76;1;1
21457;27;1;0;0;0;0;60;1;1
4804;22;1;0;0;0;0;58;1;1
1561;22;0;0;0;0;0;78;1;0
21704;2;0;0;0;0;0;35;1;0
15026;8;0;0;0;0;1;26;1;0
8377;15;0;0;0;0;0;38;1;0
12653;3;0;0;0;0;1;37;1;1
20558;30;0;0;0;0;0;55;1;1
14937;12;0;0;0;0;0;32;0;0
4230;3;0;0;0;0;0;30;1;0
17482;30;0;0;0;0;0;21;1;0
14533;9;0;0;0;0;0;28;0;0
13097;10;0;0;0;0;0;54;1;0
3936;2;0;0;0;0;1;24;1;0
22335;30;0;0;0;0;0;23;1;1
11050;24;0;0;0;0;0;28;0;1
23300;7;1;0;0;0;0;40;1;0
17146;11;0;0;0;0;0;43;1;0
9575;2;1;0;0;0;0;45;1;1
18627;23;0;0;0;0;0;69;1;0
14134;12;0;0;0;0;0;29;1;0
10943;30;0;0;0;0;0;45;1;0
22029;19;1;0;0;0;0;55;1;1
18919;22;1;0;0;0;0;67;1;1
10526;29;0;0;0;0;0;88;1;1
1387;12;0;0;0;0;0;35;0;0
20044;18;1;0;0;0;0;28;1;0
11984;15;1;0;0;0;0;29;0;0
18563;28;0;0;0;0;0;65;1;1
19283;3;0;0;0;0;0;20;0;0
13339;14;0;0;0;0;1;30;1;0
10636;15;0;0;0;0;0;44;1;0
14435;21;1;0;0;0;0;77;1;1
3089;6;0;0;0;0;0;42;0;0
4684;19;1;0;1;0;1;21;1;0
17610;27;1;0;0;0;0;63;1;1
10078;15;0;0;0;0;0;25;1;0
3695;4;0;0;0;0;0;45;1;1
14618;21;0;0;0;0;0;35;1;0
19033;29;0;0;0;0;0;21;1;0
11156;5;1;0;0;0;0;84;1;1
11119;6;0;0;0;0;0;28;0;0
10090;15;0;0;0;0;0;40;1;0
22464;19;0;0;0;0;1;73;1;0
18668;21;1;0;0;0;0;41;1;0
3988;7;1;0;0;0;0;55;1;0
19700;21;0;0;0;0;0;63;1;0
17672;5;0;0;0;0;0;53;1;0
18804;22;0;0;0;0;0;38;1;1
16693;19;0;0;0;0;0;25;1;0
1488;14;0;0;0;0;0;61;1;1
19989;6;0;0;0;0;0;79;1;1
7283;25;0;0;0;0;0;40;0;0
1965;24;1;0;0;0;0;40;1;1
4925;12;0;0;0;0;0;39;1;0
969;28;1;0;0;0;0;45;1;1
10546;29;0;0;0;0;0;81;1;1
18637;21;0;0;0;0;0;39;0;0
22793;22;0;0;0;0;0;59;1;1
7521;24;0;0;0;0;0;42;0;0
11045;24;0;0;0;0;0;55;1;1
13549;2;1;0;0;0;0;42;1;1
19156;10;1;0;0;0;0;60;0;1
79;22;0;0;0;0;0;24;0;0
18492;23;0;0;0;0;0;55;1;0
13321;30;0;0;0;0;0;21;1;0
23379;7;0;0;0;0;0;31;1;1
16313;14;0;0;0;0;0;36;1;0
2763;2;1;0;0;0;0;51;1;1
11282;3;0;0;0;0;1;62;1;0
13656;6;0;0;0;0;0;51;1;0
21793;27;1;0;0;0;0;60;1;1
19723;22;0;0;0;0;0;19;1;0
15850;7;0;0;0;0;1;57;0;1
3515;7;0;0;1;0;1;32;1;1
17164;13;1;0;0;0;0;32;1;1
14707;22;0;0;0;0;0;72;1;0
5914;11;1;0;0;0;0;76;1;1
8967;27;1;0;0;0;0;25;1;0
3047;29;0;0;0;0;0;57;0;0
16322;15;0;0;0;0;0;28;1;1
16750;19;0;0;0;0;0;22;0;0
8363;15;0;0;0;0;0;39;0;1
5623;11;0;0;0;0;0;29;0;0
9650;7;0;0;0;0;0;59;1;1
10283;23;0;0;0;0;0;24;1;0
16654;17;1;0;0;0;0;77;1;0
5551;11;0;0;0;0;0;84;1;0
160;27;0;0;0;0;0;34;1;1
18698;20;0;0;0;0;0;58;1;0
4566;29;0;0;0;0;0;39;0;0
7535;24;1;0;0;0;0;50;0;1
1860;30;0;0;0;0;1;47;1;1
6680;23;1;0;0;0;0;41;0;0
11202;6;0;0;0;0;0;24;1;0
14718;22;0;0;0;0;0;28;1;0
917;2;0;0;0;0;0;21;0;1
1884;30;0;0;0;0;0;37;1;0
11997;6;0;0;0;0;0;26;0;1
18306;21;0;0;0;0;0;34;1;1
8442;14;0;0;0;0;0;72;1;1
1851;30;0;0;0;0;1;47;1;0
11576;24;0;0;0;0;0;33;1;0
7309;24;0;0;0;0;0;29;1;0
14539;18;0;0;0;0;0;37;0;0
10956;30;1;0;0;0;0;83;0;1
19340;18;0;0;0;0;0;54;0;1
1610;22;0;0;0;0;0;21;0;0
15251;10;1;0;0;0;0;27;1;1
18679;20;0;0;0;0;0;55;0;0
21603;24;1;0;0;0;0;52;1;0
18980;4;1;0;0;0;0;42;1;1
22462;19;0;0;0;0;0;53;1;1
13205;10;1;0;0;0;0;31;1;1
11523;2;0;0;0;0;1;36;0;0
21495;25;1;0;0;0;0;45;0;0
1517;14;0;0;0;0;0;39;1;0
8441;14;0;0;0;0;0;85;1;0
958;28;1;0;0;0;0;52;1;1
14352;30;0;0;0;0;0;43;1;1
21820;28;0;0;0;0;0;30;1;0
14446;21;0;0;0;0;0;46;1;0
16104;15;1;0;0;0;0;43;1;0
16090;15;0;0;0;0;1;37;0;1
5242;7;0;0;0;0;0;32;1;0
10519;29;1;0;0;0;0;84;1;1
8232;14;0;0;0;0;0;46;0;0
6414;11;1;0;0;0;0;80;1;1
21276;24;0;0;0;0;0;NA;0;1
11127;6;1;0;0;0;0;29;1;0
16161;24;0;0;0;0;0;19;0;0
4863;22;0;0;0;0;0;67;0;0
16109;15;0;0;0;0;0;59;0;0
14923;12;0;0;0;0;0;40;1;1
13625;17;0;0;0;0;1;39;1;0
4917;12;0;0;0;0;0;47;1;0
346;24;0;0;0;0;0;46;1;0
10065;14;0;0;0;0;0;65;1;0
18671;21;1;0;0;0;0;20;1;0
19880;6;0;0;0;0;0;89;1;1
14521;9;0;0;0;0;0;26;1;1
16739;19;0;0;0;0;0;30;1;0
4117;7;0;0;0;0;0;26;1;1
8471;15;0;0;0;0;0;45;1;1
2225;19;1;0;0;0;0;27;0;0
10341;6;0;0;0;0;0;19;0;0
5358;30;0;0;0;0;0;35;1;0
9278;4;0;0;0;0;0;42;1;0
17732;13;1;0;0;0;0;47;1;1
13419;15;1;0;0;0;0;43;1;1
1629;22;1;0;0;0;0;81;1;1
1770;30;0;0;0;0;0;39;1;0
20229;13;1;0;0;0;0;54;1;1
154;27;1;0;0;0;0;45;1;0
7527;24;0;0;0;0;0;67;1;0
17301;26;0;0;0;0;0;27;0;1
13556;8;0;0;0;0;0;33;1;0
17690;5;0;0;0;0;0;65;1;1
4918;12;0;0;0;0;0;34;0;0
1624;22;1;0;0;0;0;61;1;0
661;12;0;0;0;0;1;28;0;0
18300;21;0;0;0;0;0;21;0;0
21404;4;1;0;0;0;0;45;1;1
4569;27;0;0;0;0;0;24;1;0
13846;24;1;0;0;0;0;61;1;1
1521;14;0;0;0;0;0;36;1;0
7658;24;0;0;0;0;0;35;1;0
10716;21;1;0;0;0;0;69;0;1
17189;13;0;0;0;0;0;40;1;0
16084;15;0;0;0;0;0;35;1;0
9209;15;0;0;0;0;0;50;1;0
540;14;0;0;0;0;0;34;0;0
6917;9;1;0;0;0;0;60;1;1
635;10;0;0;0;0;0;41;1;1
1557;22;1;0;0;0;0;58;1;1
2324;15;0;0;0;0;0;81;1;0
5654;11;0;0;0;0;0;27;0;0
11803;5;0;0;0;0;0;31;1;0
5494;11;0;0;0;0;0;33;0;0
13754;22;0;0;0;0;1;27;0;1
13593;8;1;0;0;0;0;35;0;0
21068;30;0;0;0;0;0;35;1;0
18998;4;0;0;0;0;0;34;0;0
2520;27;1;0;0;0;0;54;1;0
22450;19;0;0;0;0;0;21;1;0
11285;3;0;0;0;0;0;63;0;0
11077;6;0;0;0;0;0;37;1;0
17206;13;0;0;0;0;0;54;1;1
16389;5;0;0;0;0;0;28;0;0
8664;25;0;0;0;0;0;30;0;0
5276;27;0;0;0;0;0;57;0;1
2954;8;1;0;0;0;0;34;0;1
8245;13;0;0;0;0;0;36;0;0
5449;11;0;0;0;0;0;24;1;0
9941;10;0;0;0;0;0;46;0;0
5467;11;0;0;0;0;0;23;0;0
7554;24;1;0;0;0;0;35;1;1
15383;7;0;0;0;0;0;54;0;1
5586;11;1;0;0;0;0;76;1;1
17063;13;1;0;0;0;1;44;1;1
21586;24;1;0;0;0;0;52;1;0
19876;6;0;0;0;0;1;93;1;0
12429;26;0;0;0;0;0;27;0;0
11324;3;1;0;0;0;0;65;1;1
10825;7;0;0;0;0;0;32;0;0
17052;13;1;0;0;0;0;56;1;1
9672;7;0;0;0;0;0;53;1;1
13121;4;0;0;0;0;0;27;1;0
9433;14;1;0;0;0;0;40;0;1
5760;11;0;0;0;0;0;77;0;0
10307;18;1;0;0;0;0;58;1;1
8244;14;0;0;0;0;0;37;1;0
17757;15;1;0;0;0;0;41;1;1
2654;7;1;0;0;0;0;50;0;1
9051;25;1;0;0;0;0;72;1;1
19379;18;1;0;0;0;0;70;1;1
9830;27;1;0;0;0;0;79;0;1
22066;19;0;0;0;0;0;26;1;0
23376;7;1;0;0;0;0;66;1;1
3400;26;0;0;0;0;0;28;0;0
15132;10;1;0;0;0;0;69;0;0
9222;11;1;0;0;0;0;71;0;1
15735;27;0;0;0;0;0;32;0;0
6246;11;1;0;0;0;0;70;1;1
16810;4;0;0;0;0;0;24;0;0
9547;17;1;0;0;0;0;48;1;0
21615;29;0;0;0;0;0;47;1;1
5901;11;1;0;0;0;0;63;1;1
12278;18;1;0;0;0;0;49;1;1
5214;23;0;0;0;0;0;63;0;0
1830;30;0;0;0;0;0;28;1;1
11278;7;0;0;0;0;0;23;1;0
15123;8;1;0;0;0;0;37;0;1
8871;26;1;0;0;0;0;64;0;1
20892;8;1;0;0;0;0;61;1;1
14695;10;1;0;0;0;0;54;1;1
15268;10;0;0;0;0;0;29;1;1
23269;7;0;0;0;0;0;53;1;1
7910;10;1;0;0;0;0;74;1;1
